filepath,filename,split_folder,class_name,extension,file_size_kb,sha256,width,height,channels,mode,is_corrupt
G:\My Drive\Document\S2 MSIT\Deep Learning\Assigment 1\Skin Disease\skin_disease_cnn_assignment\data\raw\train\Actinic keratosis\ISIC_0024468.jpg,ISIC_0024468.jpg,train,Actinic keratosis,.jpg,284.5,98d6e35553e1f66a059733132717bfb5b379746bc86990d3dff81a666be87163,600,450,3,RGB,False
G:\My Drive\Document\S2 MSIT\Deep Learning\Assigment 1\Skin Disease\skin_disease_cnn_assignment\data\raw\train\Actinic keratosis\ISIC_0024470.jpg,ISIC_0024470.jpg,train,Actinic keratosis,.jpg,267.78,139a147689d152664bc3d00744dc108eaa0e26030db1018cc881585aadd18779,600,450,3,RGB,False
G:\My Drive\Document\S2 MSIT\Deep Learning\Assigment 1\Skin Disease\skin_disease_cnn_assignment\data\raw\train\Actinic keratosis\ISIC_0024707.jpg,ISIC_0024707.jpg,train,Actinic keratosis,.jpg,278.12,0e1486f87445a6cdcaa621ff296ef61239dc56d35db70fb8d184969b2d7e2315,600,450,3,RGB,False
G:\My Drive\Document\S2 MSIT\Deep Learning\Assigment 1\Skin Disease\skin_disease_cnn_assignment\data\raw\train\Actinic keratosis\ISIC_0024763.jpg,ISIC_0024763.jpg,train,Actinic keratosis,.jpg,232.94,fab8c92e5e59d03bee28dd3b3a06142b9cee87d3c9a5b21b6c1bccd078635123,600,450,3,RGB,False
G:\My Drive\Document\S2 MSIT\Deep Learning\Assigment 1\Skin Disease\skin_disease_cnn_assignment\data\raw\train\Actinic keratosis\ISIC_0024771.jpg,ISIC_0024771.jpg,train,Actinic keratosis,.jpg,259.11,bc15bf782bd82423da740c151f75c6dbceb67d617b1563e13021e327ff3ecc44,600,450,3,RGB,False
G:\My Drive\Document\S2 MSIT\Deep Learning\Assigment 1\Skin Disease\skin_disease_cnn_assignment\data\raw\train\Actinic keratosis\ISIC_0024800.jpg,ISIC_0024800.jpg,train,Actinic keratosis,.jpg,262.5,3fe366c5a20e94b44fa6fe9bf5a4d9b3e961d808ee39875a3de468e3faef51d9,600,450,3,RGB,False
G:\My Drive\Document\S2 MSIT\Deep Learning\Assigment 1\Skin Disease\skin_disease_cnn_assignment\data\raw\train\Actinic keratosis\ISIC_0024913.jpg,ISIC_0024913.jpg,train,Actinic keratosis,.jpg,317.21,2206d9c465c042c5889b7f23961a91840629a9bdd4901a246c536602b939014f,600,450,3,RGB,False
G:\My Drive\Document\S2 MSIT\Deep Learning\Assigment 1\Skin Disease\skin_disease_cnn_assignment\data\raw\train\Actinic keratosis\ISIC_0024948.jpg,ISIC_0024948.jpg,train,Actinic keratosis,.jpg,267.69,769d0f6a355dda072c4ccefae2f2ef72d86280ed26837789f8aaf6c02a976428,600,450,3,RGB,False
G:\My Drive\Document\S2 MSIT\Deep Learning\Assigment 1\Skin Disease\skin_disease_cnn_assignment\data\raw\train\Actinic keratosis\ISIC_0025780.jpg,ISIC_0025780.jpg,train,Actinic keratosis,.jpg,254.81,165e9b178d87f9712f9e2ceb65290070018e576f19a698cfbeae55da1db9da88,600,450,3,RGB,False
G:\My Drive\Document\S2 MSIT\Deep Learning\Assigment 1\Skin Disease\skin_disease_cnn_assignment\data\raw\train\Actinic keratosis\ISIC_0025953.jpg,ISIC_0025953.jpg,train,Actinic keratosis,.jpg,266.62,5c988e95d4109bfe1559c9885ba6eed71a580963cb8208b7508d9e668653f5aa,600,450,3,RGB,False
G:\My Drive\Document\S2 MSIT\Deep Learning\Assigment 1\Skin Disease\skin_disease_cnn_assignment\data\raw\train\Actinic keratosis\ISIC_0025957.jpg,ISIC_0025957.jpg,train,Actinic keratosis,.jpg,254.49,b63aea7258457b453a81f955afc62642d482094c91e5efd44004fb38595d45a5,600,450,3,RGB,False
G:\My Drive\Document\S2 MSIT\Deep Learning\Assigment 1\Skin Disease\skin_disease_cnn_assignment\data\raw\train\Actinic keratosis\ISIC_0025992.jpg,ISIC_0025992.jpg,train,Actinic keratosis,.jpg,243.22,898a5c3d197c0192ecf46d06b123f22e48e653a0147e1daeea3af3c3bf11bbe9,600,450,3,RGB,False
G:\My Drive\Document\S2 MSIT\Deep Learning\Assigment 1\Skin Disease\skin_disease_cnn_assignment\data\raw\train\Actinic keratosis\ISIC_0026149.jpg,ISIC_0026149.jpg,train,Actinic keratosis,.jpg,226.08,36d99ea7ec0af89eba3decd14a18dfcfa077e9d0d7bad7bc6d6ad03588ff0734,600,450,3,RGB,False
G:\My Drive\Document\S2 MSIT\Deep Learning\Assigment 1\Skin Disease\skin_disease_cnn_assignment\data\raw\train\Actinic keratosis\ISIC_0026171.jpg,ISIC_0026171.jpg,train,Actinic keratosis,.jpg,314.13,d2700164e9f805f97abb0b4c411eae66ef3fffd0e3192d45704bfcd0255b64f9,600,450,3,RGB,False
G:\My Drive\Document\S2 MSIT\Deep Learning\Assigment 1\Skin Disease\skin_disease_cnn_assignment\data\raw\train\Actinic keratosis\ISIC_0026457.jpg,ISIC_0026457.jpg,train,Actinic keratosis,.jpg,265.15,8d3ca243b73aab7726bdfea5621a4873770840ece49be2bdfcc084e76b579d39,600,450,3,RGB,False
G:\My Drive\Document\S2 MSIT\Deep Learning\Assigment 1\Skin Disease\skin_disease_cnn_assignment\data\raw\train\Actinic keratosis\ISIC_0026525.jpg,ISIC_0026525.jpg,train,Actinic keratosis,.jpg,267.36,de6d6b1dc9dbfde25221d6f9acb82a68c733bc758e4d4934b5ecc9b8e7cd9a20,600,450,3,RGB,False
G:\My Drive\Document\S2 MSIT\Deep Learning\Assigment 1\Skin Disease\skin_disease_cnn_assignment\data\raw\train\Actinic keratosis\ISIC_0026575.jpg,ISIC_0026575.jpg,train,Actinic keratosis,.jpg,268.28,9bec563fc8d9dcdf3dd780dce8c3e046b9529eacee276708dcfc3744b3502c2e,600,450,3,RGB,False
G:\My Drive\Document\S2 MSIT\Deep Learning\Assigment 1\Skin Disease\skin_disease_cnn_assignment\data\raw\train\Actinic keratosis\ISIC_0026625.jpg,ISIC_0026625.jpg,train,Actinic keratosis,.jpg,294.21,925f8c81ceb5fc5ca23c82435f4c0bfb3ac50e3c40caa3e4fe78c388ddbeebe3,600,450,3,RGB,False
G:\My Drive\Document\S2 MSIT\Deep Learning\Assigment 1\Skin Disease\skin_disease_cnn_assignment\data\raw\train\Actinic keratosis\ISIC_0026626.jpg,ISIC_0026626.jpg,train,Actinic keratosis,.jpg,284.11,d326b5ae70ef649680c7160a775589afe0b59018a7a40abf5a8cd8ccde5b077e,600,450,3,RGB,False
G:\My Drive\Document\S2 MSIT\Deep Learning\Assigment 1\Skin Disease\skin_disease_cnn_assignment\data\raw\train\Actinic keratosis\ISIC_0026702.jpg,ISIC_0026702.jpg,train,Actinic keratosis,.jpg,273.22,9ef32279285ee53718f98a2eb1d7e488459e7ac6245a1ddd9b3c167715b483e2,600,450,3,RGB,False
G:\My Drive\Document\S2 MSIT\Deep Learning\Assigment 1\Skin Disease\skin_disease_cnn_assignment\data\raw\train\Actinic keratosis\ISIC_0026709.jpg,ISIC_0026709.jpg,train,Actinic keratosis,.jpg,294.35,8e80d8f1daefc344da7f80d01efbb51be362382e7634022e692e35608cfe4edf,600,450,3,RGB,False
G:\My Drive\Document\S2 MSIT\Deep Learning\Assigment 1\Skin Disease\skin_disease_cnn_assignment\data\raw\train\Actinic keratosis\ISIC_0026729.jpg,ISIC_0026729.jpg,train,Actinic keratosis,.jpg,240.65,ff465c7cffb6a0de9b713ce1142a5a959c3d96af2c0c6d5d2db27983f2fe3ed5,600,450,3,RGB,False
G:\My Drive\Document\S2 MSIT\Deep Learning\Assigment 1\Skin Disease\skin_disease_cnn_assignment\data\raw\train\Actinic keratosis\ISIC_0026848.jpg,ISIC_0026848.jpg,train,Actinic keratosis,.jpg,230.33,8894e11c4101900078d478116bba7b591fc6471a9394cb5be2a5fb93f014c292,600,450,3,RGB,False
G:\My Drive\Document\S2 MSIT\Deep Learning\Assigment 1\Skin Disease\skin_disease_cnn_assignment\data\raw\train\Actinic keratosis\ISIC_0026857.jpg,ISIC_0026857.jpg,train,Actinic keratosis,.jpg,271.16,2f4bb39aaafdc44c583b7e6a5a2a1f793f106659ccdd49afcbf61e21e499f60a,600,450,3,RGB,False
G:\My Drive\Document\S2 MSIT\Deep Learning\Assigment 1\Skin Disease\skin_disease_cnn_assignment\data\raw\train\Actinic keratosis\ISIC_0026905.jpg,ISIC_0026905.jpg,train,Actinic keratosis,.jpg,280.15,6d22337cb0ab854b3aa424287a81cb06829bbc63807e167f51a90176265847cf,600,450,3,RGB,False
G:\My Drive\Document\S2 MSIT\Deep Learning\Assigment 1\Skin Disease\skin_disease_cnn_assignment\data\raw\train\Actinic keratosis\ISIC_0027172.jpg,ISIC_0027172.jpg,train,Actinic keratosis,.jpg,248.85,cd77a6ca1e6ec9c9b763922ff6e43529a7578fb24941504a556b2c6357af14c4,600,450,3,RGB,False
G:\My Drive\Document\S2 MSIT\Deep Learning\Assigment 1\Skin Disease\skin_disease_cnn_assignment\data\raw\train\Actinic keratosis\ISIC_0027254.jpg,ISIC_0027254.jpg,train,Actinic keratosis,.jpg,306.43,178b879a5b98977635f80c14d3acd2db1cdc795b9270a52381a2ec42140c7269,600,450,3,RGB,False
G:\My Drive\Document\S2 MSIT\Deep Learning\Assigment 1\Skin Disease\skin_disease_cnn_assignment\data\raw\train\Actinic keratosis\ISIC_0027447.jpg,ISIC_0027447.jpg,train,Actinic keratosis,.jpg,275.96,67de56c63fc1613b4af59ffb39b24f57c961fc763c392d64fabef2df8b2a9628,600,450,3,RGB,False
G:\My Drive\Document\S2 MSIT\Deep Learning\Assigment 1\Skin Disease\skin_disease_cnn_assignment\data\raw\train\Actinic keratosis\ISIC_0027536.jpg,ISIC_0027536.jpg,train,Actinic keratosis,.jpg,275.23,0328985caa3d7632be22962680d3582903d1569dbf6ca685e107ed9b2bd93d8b,600,450,3,RGB,False
G:\My Drive\Document\S2 MSIT\Deep Learning\Assigment 1\Skin Disease\skin_disease_cnn_assignment\data\raw\train\Actinic keratosis\ISIC_0027562.jpg,ISIC_0027562.jpg,train,Actinic keratosis,.jpg,242.21,c89d858bac39589b2ec2fffd8c377d8e7ae9d1d52977f78a7852391dbbd41193,600,450,3,RGB,False
G:\My Drive\Document\S2 MSIT\Deep Learning\Assigment 1\Skin Disease\skin_disease_cnn_assignment\data\raw\train\Actinic keratosis\ISIC_0027588.jpg,ISIC_0027588.jpg,train,Actinic keratosis,.jpg,160.42,0c061d1845af6b8de9cfbfb2a11733804836c98e86ddecc6088ec3210f060542,600,450,3,RGB,False
G:\My Drive\Document\S2 MSIT\Deep Learning\Assigment 1\Skin Disease\skin_disease_cnn_assignment\data\raw\train\Actinic keratosis\ISIC_0027615.jpg,ISIC_0027615.jpg,train,Actinic keratosis,.jpg,257.02,fae100401f6a9a6bdf4b5651a51b970ac13464b86ba5070dd7a38612ff93af0b,600,450,3,RGB,False
G:\My Drive\Document\S2 MSIT\Deep Learning\Assigment 1\Skin Disease\skin_disease_cnn_assignment\data\raw\train\Actinic keratosis\ISIC_0027650.jpg,ISIC_0027650.jpg,train,Actinic keratosis,.jpg,240.01,98e2f92cc92a99268b70535633747b8eb233ccb5f8ab79bc0ca80d9a91f90f75,600,450,3,RGB,False
G:\My Drive\Document\S2 MSIT\Deep Learning\Assigment 1\Skin Disease\skin_disease_cnn_assignment\data\raw\train\Actinic keratosis\ISIC_0027829.jpg,ISIC_0027829.jpg,train,Actinic keratosis,.jpg,217.07,22fe510f84f081e83ab90e3dbbf87754885931d0af280513427dc95b1049b9ea,600,450,3,RGB,False
G:\My Drive\Document\S2 MSIT\Deep Learning\Assigment 1\Skin Disease\skin_disease_cnn_assignment\data\raw\train\Actinic keratosis\ISIC_0027884.jpg,ISIC_0027884.jpg,train,Actinic keratosis,.jpg,235.75,c62b15b35ec90aa1a41890ff0e6823532f2990b3a797eaf91eceeeb9beca1cd8,600,450,3,RGB,False
G:\My Drive\Document\S2 MSIT\Deep Learning\Assigment 1\Skin Disease\skin_disease_cnn_assignment\data\raw\train\Actinic keratosis\ISIC_0027950.jpg,ISIC_0027950.jpg,train,Actinic keratosis,.jpg,162.99,9b39d711c24f89bc3baad1a0d5fefedf8018eb374c054af15ddbf5e735c1c2d4,600,450,3,RGB,False
G:\My Drive\Document\S2 MSIT\Deep Learning\Assigment 1\Skin Disease\skin_disease_cnn_assignment\data\raw\train\Actinic keratosis\ISIC_0028063.jpg,ISIC_0028063.jpg,train,Actinic keratosis,.jpg,259.29,bb07acba7814078c54a348976c86b68b2b51191dee4b53de9842051957e58fc6,600,450,3,RGB,False
G:\My Drive\Document\S2 MSIT\Deep Learning\Assigment 1\Skin Disease\skin_disease_cnn_assignment\data\raw\train\Actinic keratosis\ISIC_0028076.jpg,ISIC_0028076.jpg,train,Actinic keratosis,.jpg,250.81,d2c7fe24550815077bd060715893c7048df0cb3ff0f78008b5158c823f634838,600,450,3,RGB,False
G:\My Drive\Document\S2 MSIT\Deep Learning\Assigment 1\Skin Disease\skin_disease_cnn_assignment\data\raw\train\Actinic keratosis\ISIC_0028190.jpg,ISIC_0028190.jpg,train,Actinic keratosis,.jpg,246.21,dcc2a9030f9f87fa66b90ed704780175f3e9765f03b2bc510618c17dcfce0752,600,450,3,RGB,False
G:\My Drive\Document\S2 MSIT\Deep Learning\Assigment 1\Skin Disease\skin_disease_cnn_assignment\data\raw\train\Actinic keratosis\ISIC_0028314.jpg,ISIC_0028314.jpg,train,Actinic keratosis,.jpg,271.38,ac88481a87c67289c08c3b210faf7fddb65b13c49bea89dd4fea803e51d3c754,600,450,3,RGB,False
G:\My Drive\Document\S2 MSIT\Deep Learning\Assigment 1\Skin Disease\skin_disease_cnn_assignment\data\raw\train\Actinic keratosis\ISIC_0028370.jpg,ISIC_0028370.jpg,train,Actinic keratosis,.jpg,270.3,da83ddf5bfea33d6ffa6ae6ee6e2068486c35e380f8b1e526e43d5d70b678c2d,600,450,3,RGB,False
G:\My Drive\Document\S2 MSIT\Deep Learning\Assigment 1\Skin Disease\skin_disease_cnn_assignment\data\raw\train\Actinic keratosis\ISIC_0028393.jpg,ISIC_0028393.jpg,train,Actinic keratosis,.jpg,134.56,16dae3819339eb380ff98aa484030b0f4d6dd84f47cc93c6e9f2d901dbe5aebd,600,450,3,RGB,False
G:\My Drive\Document\S2 MSIT\Deep Learning\Assigment 1\Skin Disease\skin_disease_cnn_assignment\data\raw\train\Actinic keratosis\ISIC_0028517.jpg,ISIC_0028517.jpg,train,Actinic keratosis,.jpg,284.75,4ec6b46c7be3b571b1b553c5f7c4945b983c81f57faa3b732ab990426a892413,600,450,3,RGB,False
G:\My Drive\Document\S2 MSIT\Deep Learning\Assigment 1\Skin Disease\skin_disease_cnn_assignment\data\raw\train\Actinic keratosis\ISIC_0028558.jpg,ISIC_0028558.jpg,train,Actinic keratosis,.jpg,197.33,3f7ce724f5a75a4b515d4fb54dde471c31ed6760a1b90afbf3a585987b23b0dd,600,450,3,RGB,False
G:\My Drive\Document\S2 MSIT\Deep Learning\Assigment 1\Skin Disease\skin_disease_cnn_assignment\data\raw\train\Actinic keratosis\ISIC_0028619.jpg,ISIC_0028619.jpg,train,Actinic keratosis,.jpg,270.99,aa1416bd1cea9bf63429eec842523e7e024f1da6429f7a5b27562c8df13b2ebe,600,450,3,RGB,False
G:\My Drive\Document\S2 MSIT\Deep Learning\Assigment 1\Skin Disease\skin_disease_cnn_assignment\data\raw\train\Actinic keratosis\ISIC_0028854.jpg,ISIC_0028854.jpg,train,Actinic keratosis,.jpg,271.32,0fb4815d18c8b3784fb0f622ac5f016b3d527ec848b89cea9299dacd77f33f3f,600,450,3,RGB,False
G:\My Drive\Document\S2 MSIT\Deep Learning\Assigment 1\Skin Disease\skin_disease_cnn_assignment\data\raw\train\Actinic keratosis\ISIC_0028941.jpg,ISIC_0028941.jpg,train,Actinic keratosis,.jpg,336.55,998886b32975190e0a911d417ad5dcb8fdef0b09d0686119b4ef7626432ef96c,600,450,3,RGB,False
G:\My Drive\Document\S2 MSIT\Deep Learning\Assigment 1\Skin Disease\skin_disease_cnn_assignment\data\raw\train\Actinic keratosis\ISIC_0028990.jpg,ISIC_0028990.jpg,train,Actinic keratosis,.jpg,266.34,bcadf57b6135d7aba0ff386508e0dab453c862c2d68862b7832dbf47d225e320,600,450,3,RGB,False
G:\My Drive\Document\S2 MSIT\Deep Learning\Assigment 1\Skin Disease\skin_disease_cnn_assignment\data\raw\train\Actinic keratosis\ISIC_0029041.jpg,ISIC_0029041.jpg,train,Actinic keratosis,.jpg,278.07,cdfbbc880215d924a23dec7a238b8070fefdb8f76922b40bca97ebef99f0f12c,600,450,3,RGB,False
G:\My Drive\Document\S2 MSIT\Deep Learning\Assigment 1\Skin Disease\skin_disease_cnn_assignment\data\raw\train\Actinic keratosis\ISIC_0029133.jpg,ISIC_0029133.jpg,train,Actinic keratosis,.jpg,292.06,6fedf5cee25c3e5b20ec17a2540e2e1cbe2492f042e750f3f2cdc118228fad24,600,450,3,RGB,False
G:\My Drive\Document\S2 MSIT\Deep Learning\Assigment 1\Skin Disease\skin_disease_cnn_assignment\data\raw\train\Actinic keratosis\ISIC_0029141.jpg,ISIC_0029141.jpg,train,Actinic keratosis,.jpg,231.16,868eb9c88ce58dd21794afe7f4b9c8cfe03b10803b0fe9137c6fc9960df0de93,600,450,3,RGB,False
G:\My Drive\Document\S2 MSIT\Deep Learning\Assigment 1\Skin Disease\skin_disease_cnn_assignment\data\raw\train\Actinic keratosis\ISIC_0029309.jpg,ISIC_0029309.jpg,train,Actinic keratosis,.jpg,147.75,49d43cb496669f3b272c8bd7c5d088d0fe077fcc1c6d2f48612ab4b6bb527470,600,450,3,RGB,False
G:\My Drive\Document\S2 MSIT\Deep Learning\Assigment 1\Skin Disease\skin_disease_cnn_assignment\data\raw\train\Actinic keratosis\ISIC_0029460.jpg,ISIC_0029460.jpg,train,Actinic keratosis,.jpg,296.47,916d602932d4a778943017d523d752d5c1a24f161ac240ac4de2459d43618d8f,600,450,3,RGB,False
G:\My Drive\Document\S2 MSIT\Deep Learning\Assigment 1\Skin Disease\skin_disease_cnn_assignment\data\raw\train\Actinic keratosis\ISIC_0029500.jpg,ISIC_0029500.jpg,train,Actinic keratosis,.jpg,276.04,1f2c7ed59ce645feecf904d1784e1c94e04d291da4653c7f874481e504ac8916,600,450,3,RGB,False
G:\My Drive\Document\S2 MSIT\Deep Learning\Assigment 1\Skin Disease\skin_disease_cnn_assignment\data\raw\train\Actinic keratosis\ISIC_0029659.jpg,ISIC_0029659.jpg,train,Actinic keratosis,.jpg,261.62,3631236cd9c8e32ae8e717f362c8b57d7eaf43b6319117b442865f1bf4ce82b8,600,450,3,RGB,False
G:\My Drive\Document\S2 MSIT\Deep Learning\Assigment 1\Skin Disease\skin_disease_cnn_assignment\data\raw\train\Actinic keratosis\ISIC_0029713.jpg,ISIC_0029713.jpg,train,Actinic keratosis,.jpg,255.01,efa11328193d6d331a79a6813592aeba98f221529878bf6311d29067e9540b04,600,450,3,RGB,False
G:\My Drive\Document\S2 MSIT\Deep Learning\Assigment 1\Skin Disease\skin_disease_cnn_assignment\data\raw\train\Actinic keratosis\ISIC_0029827.jpg,ISIC_0029827.jpg,train,Actinic keratosis,.jpg,225.37,86b3b96ed7201fc3e543e92394ca0ba3856de34e33da1e7c074e0112e89b06f0,600,450,3,RGB,False
G:\My Drive\Document\S2 MSIT\Deep Learning\Assigment 1\Skin Disease\skin_disease_cnn_assignment\data\raw\train\Actinic keratosis\ISIC_0029830.jpg,ISIC_0029830.jpg,train,Actinic keratosis,.jpg,253.82,7f3108287d6baeedf8797302b1001e252fb2a80dc3522cd34e41e30bce95353d,600,450,3,RGB,False
G:\My Drive\Document\S2 MSIT\Deep Learning\Assigment 1\Skin Disease\skin_disease_cnn_assignment\data\raw\train\Actinic keratosis\ISIC_0029840.jpg,ISIC_0029840.jpg,train,Actinic keratosis,.jpg,256.72,2359ecd93f9b0bf5a1d3db065c20f80ff25a39af0435add7a1d7b69bf6dcea49,600,450,3,RGB,False
G:\My Drive\Document\S2 MSIT\Deep Learning\Assigment 1\Skin Disease\skin_disease_cnn_assignment\data\raw\train\Actinic keratosis\ISIC_0029900.jpg,ISIC_0029900.jpg,train,Actinic keratosis,.jpg,277.2,97675386d77755e3eb5a697a78f522c2316d7b5a758882693bdee815f9c1ff88,600,450,3,RGB,False
G:\My Drive\Document\S2 MSIT\Deep Learning\Assigment 1\Skin Disease\skin_disease_cnn_assignment\data\raw\train\Actinic keratosis\ISIC_0029930.jpg,ISIC_0029930.jpg,train,Actinic keratosis,.jpg,266.16,110b91f7c13be9ba62a9da0d475519a875b19764a373b745f8a367eb4a588081,600,450,3,RGB,False
G:\My Drive\Document\S2 MSIT\Deep Learning\Assigment 1\Skin Disease\skin_disease_cnn_assignment\data\raw\train\Actinic keratosis\ISIC_0030133.jpg,ISIC_0030133.jpg,train,Actinic keratosis,.jpg,245.94,2e6871a00f3b7ec3a5b513d02934d8f9fcf4c792cc2da1e1f5d0247b5bc6c8a4,600,450,3,RGB,False
G:\My Drive\Document\S2 MSIT\Deep Learning\Assigment 1\Skin Disease\skin_disease_cnn_assignment\data\raw\train\Actinic keratosis\ISIC_0030142.jpg,ISIC_0030142.jpg,train,Actinic keratosis,.jpg,245.43,3a07eade7f66d77a051da4d56a39162d2081f5d5092971674e622bdb6048b6a8,600,450,3,RGB,False
G:\My Drive\Document\S2 MSIT\Deep Learning\Assigment 1\Skin Disease\skin_disease_cnn_assignment\data\raw\train\Actinic keratosis\ISIC_0030344.jpg,ISIC_0030344.jpg,train,Actinic keratosis,.jpg,254.73,d0fadd662cff2ae30b788d9b9e0a2442a219e470b6686eadd2554fb06b176a06,600,450,3,RGB,False
G:\My Drive\Document\S2 MSIT\Deep Learning\Assigment 1\Skin Disease\skin_disease_cnn_assignment\data\raw\train\Actinic keratosis\ISIC_0030408.jpg,ISIC_0030408.jpg,train,Actinic keratosis,.jpg,303.51,2690e32e3a001664a6b1de055cf1afa3b5ee2af1f19590ef87f9e271ccacc922,600,450,3,RGB,False
G:\My Drive\Document\S2 MSIT\Deep Learning\Assigment 1\Skin Disease\skin_disease_cnn_assignment\data\raw\train\Actinic keratosis\ISIC_0030463.jpg,ISIC_0030463.jpg,train,Actinic keratosis,.jpg,266.8,8ca3331208ab0b3848ca1b53e8c3ae0a3fce6cd5564b0277876fa8530fc265f1,600,450,3,RGB,False
G:\My Drive\Document\S2 MSIT\Deep Learning\Assigment 1\Skin Disease\skin_disease_cnn_assignment\data\raw\train\Actinic keratosis\ISIC_0030655.jpg,ISIC_0030655.jpg,train,Actinic keratosis,.jpg,276.8,f9fb73850161ae8b0021b05edc7971124fe11df647061b308c7ce7746b2bf4b6,600,450,3,RGB,False
G:\My Drive\Document\S2 MSIT\Deep Learning\Assigment 1\Skin Disease\skin_disease_cnn_assignment\data\raw\train\Actinic keratosis\ISIC_0030730.jpg,ISIC_0030730.jpg,train,Actinic keratosis,.jpg,215.97,ca5a5b67c32ee5213121696ef7e4c622232e8e176db07ce8ec26b91fd12245b7,600,450,3,RGB,False
G:\My Drive\Document\S2 MSIT\Deep Learning\Assigment 1\Skin Disease\skin_disease_cnn_assignment\data\raw\train\Actinic keratosis\ISIC_0030825.jpg,ISIC_0030825.jpg,train,Actinic keratosis,.jpg,238.68,2ab2e0196ae505e1aafe95beca138f1c65e68859a8086b518d51cdacb32b4905,600,450,3,RGB,False
G:\My Drive\Document\S2 MSIT\Deep Learning\Assigment 1\Skin Disease\skin_disease_cnn_assignment\data\raw\train\Actinic keratosis\ISIC_0030877.jpg,ISIC_0030877.jpg,train,Actinic keratosis,.jpg,159.11,fc9f3cff284b3e587fac608e1120fb3a4e97a669f9e670382706c2f734ca88b7,600,450,3,RGB,False
G:\My Drive\Document\S2 MSIT\Deep Learning\Assigment 1\Skin Disease\skin_disease_cnn_assignment\data\raw\train\Actinic keratosis\ISIC_0031040.jpg,ISIC_0031040.jpg,train,Actinic keratosis,.jpg,248.08,2f36d55286788d91fa7c55437e73ef8d5416680d9cbfb1dd46f2f558064b427a,600,450,3,RGB,False
G:\My Drive\Document\S2 MSIT\Deep Learning\Assigment 1\Skin Disease\skin_disease_cnn_assignment\data\raw\train\Actinic keratosis\ISIC_0031108.jpg,ISIC_0031108.jpg,train,Actinic keratosis,.jpg,133.72,e633cf59334a9a0b58106fa44ca4a01a6b96c3978eb00ec7deaee8547190108c,600,450,3,RGB,False
G:\My Drive\Document\S2 MSIT\Deep Learning\Assigment 1\Skin Disease\skin_disease_cnn_assignment\data\raw\train\Actinic keratosis\ISIC_0031228.jpg,ISIC_0031228.jpg,train,Actinic keratosis,.jpg,256.29,d7b3ab17bad8ee2afaa637d4fd926a6c8aaa5a9fc700636531fe3ea716e87d05,600,450,3,RGB,False
G:\My Drive\Document\S2 MSIT\Deep Learning\Assigment 1\Skin Disease\skin_disease_cnn_assignment\data\raw\train\Actinic keratosis\ISIC_0031292.jpg,ISIC_0031292.jpg,train,Actinic keratosis,.jpg,251.58,9682942a34bbfd12f1f12ca2c0bafa6ccfe7a38548b8d7dd72edeb71363fe77c,600,450,3,RGB,False
G:\My Drive\Document\S2 MSIT\Deep Learning\Assigment 1\Skin Disease\skin_disease_cnn_assignment\data\raw\train\Actinic keratosis\ISIC_0031335.jpg,ISIC_0031335.jpg,train,Actinic keratosis,.jpg,275.27,cb5ec26c8a668aa970b1330b73fb8b8916785397aa9f52b4cad9da77284370a8,600,450,3,RGB,False
G:\My Drive\Document\S2 MSIT\Deep Learning\Assigment 1\Skin Disease\skin_disease_cnn_assignment\data\raw\train\Actinic keratosis\ISIC_0031381.jpg,ISIC_0031381.jpg,train,Actinic keratosis,.jpg,240.91,b1e5edfc6f6785b06e197df42317593a8ec3e9cd9f073079e193608b86175dae,600,450,3,RGB,False
G:\My Drive\Document\S2 MSIT\Deep Learning\Assigment 1\Skin Disease\skin_disease_cnn_assignment\data\raw\train\Actinic keratosis\ISIC_0031430.jpg,ISIC_0031430.jpg,train,Actinic keratosis,.jpg,194.14,e748ddac86a8d18fd9ee96ad4a1321871113dc9fa92c4ec319f3a86a2da3df1f,600,450,3,RGB,False
G:\My Drive\Document\S2 MSIT\Deep Learning\Assigment 1\Skin Disease\skin_disease_cnn_assignment\data\raw\train\Actinic keratosis\ISIC_0031506.jpg,ISIC_0031506.jpg,train,Actinic keratosis,.jpg,294.79,96e2fa850f63e68be4c9cd908f7f22929b026a74b885291b59fe7fb3990a6353,600,450,3,RGB,False
G:\My Drive\Document\S2 MSIT\Deep Learning\Assigment 1\Skin Disease\skin_disease_cnn_assignment\data\raw\train\Actinic keratosis\ISIC_0031922.jpg,ISIC_0031922.jpg,train,Actinic keratosis,.jpg,237.52,96ace0b07c11cb37c93c1853b7d2b10cac2e4ec2f61b6bd2d0c410b653c744fb,600,450,3,RGB,False
G:\My Drive\Document\S2 MSIT\Deep Learning\Assigment 1\Skin Disease\skin_disease_cnn_assignment\data\raw\train\Actinic keratosis\ISIC_0032135.jpg,ISIC_0032135.jpg,train,Actinic keratosis,.jpg,240.43,cb6eb8d83c3bfcf83bf33b661d6c1d3b98abaa1719406586301876716dd37541,600,450,3,RGB,False
G:\My Drive\Document\S2 MSIT\Deep Learning\Assigment 1\Skin Disease\skin_disease_cnn_assignment\data\raw\train\Atopic Dermatitis\1_14.jpg,1_14.jpg,train,Atopic Dermatitis,.jpg,12.66,8756835a808b41799ac405ffb47cf400542e808ca2625f0dd3154fe385531334,294,222,3,RGB,False
G:\My Drive\Document\S2 MSIT\Deep Learning\Assigment 1\Skin Disease\skin_disease_cnn_assignment\data\raw\train\Atopic Dermatitis\1_15.jpg,1_15.jpg,train,Atopic Dermatitis,.jpg,13.01,be78206a356b2d6c8d9ceb33f9a57dca88740446599e26ffeb7f772965e2ae0b,294,222,3,RGB,False
G:\My Drive\Document\S2 MSIT\Deep Learning\Assigment 1\Skin Disease\skin_disease_cnn_assignment\data\raw\train\Atopic Dermatitis\1_16.jpg,1_16.jpg,train,Atopic Dermatitis,.jpg,12.75,bcf8193f91f816fad8765b930ba7b4fd1c80f7286e0a90a9f5a74511352522c3,294,222,3,RGB,False
G:\My Drive\Document\S2 MSIT\Deep Learning\Assigment 1\Skin Disease\skin_disease_cnn_assignment\data\raw\train\Atopic Dermatitis\1_17.jpg,1_17.jpg,train,Atopic Dermatitis,.jpg,18.09,a071e39cf5f81884e84f53e9a8ac8b4f69dbcbc1ffc957c94073d0d373cb3802,294,222,3,RGB,False
G:\My Drive\Document\S2 MSIT\Deep Learning\Assigment 1\Skin Disease\skin_disease_cnn_assignment\data\raw\train\Atopic Dermatitis\1_18.jpg,1_18.jpg,train,Atopic Dermatitis,.jpg,16.88,489a0439b5c7878aeda2d8f94fc842e2ee9974e1f7a835f833bc3bb6e492dba0,294,222,3,RGB,False
G:\My Drive\Document\S2 MSIT\Deep Learning\Assigment 1\Skin Disease\skin_disease_cnn_assignment\data\raw\train\Atopic Dermatitis\1_19.jpg,1_19.jpg,train,Atopic Dermatitis,.jpg,20.1,3647eafda5848976734a61ed050a66fccbe0142ebb80d8395ad91d7e0ff12619,294,222,3,RGB,False
G:\My Drive\Document\S2 MSIT\Deep Learning\Assigment 1\Skin Disease\skin_disease_cnn_assignment\data\raw\train\Atopic Dermatitis\1_20.jpg,1_20.jpg,train,Atopic Dermatitis,.jpg,20.02,e64b4f63d8fe3e41b6eaa56cf1e36ba3bc82b778fbc7f5845194f87a2b34f2bb,294,222,3,RGB,False
G:\My Drive\Document\S2 MSIT\Deep Learning\Assigment 1\Skin Disease\skin_disease_cnn_assignment\data\raw\train\Atopic Dermatitis\1_21.jpg,1_21.jpg,train,Atopic Dermatitis,.jpg,12.14,db6c2a39216b16e8d8ff8cbfccac3c7fd3af5177ab29e07410355115494f299c,294,222,3,RGB,False
G:\My Drive\Document\S2 MSIT\Deep Learning\Assigment 1\Skin Disease\skin_disease_cnn_assignment\data\raw\train\Atopic Dermatitis\1_22.jpg,1_22.jpg,train,Atopic Dermatitis,.jpg,16.62,79e99c95383f9582ed77b92cb0eda50916ad48c62ed890ffe63d7658dc6866b6,294,222,3,RGB,False
G:\My Drive\Document\S2 MSIT\Deep Learning\Assigment 1\Skin Disease\skin_disease_cnn_assignment\data\raw\train\Atopic Dermatitis\1_23.jpg,1_23.jpg,train,Atopic Dermatitis,.jpg,16.39,e9b302de72ebee8eb2f5a0316c3969ebf7e3e5295706575f12d83205affa6154,294,222,3,RGB,False
G:\My Drive\Document\S2 MSIT\Deep Learning\Assigment 1\Skin Disease\skin_disease_cnn_assignment\data\raw\train\Atopic Dermatitis\1_24.jpg,1_24.jpg,train,Atopic Dermatitis,.jpg,17.53,0ceb5385a0f81ab371f4fd091107337b54dde8b51b071fab225dd02536ac7aa0,294,222,3,RGB,False
G:\My Drive\Document\S2 MSIT\Deep Learning\Assigment 1\Skin Disease\skin_disease_cnn_assignment\data\raw\train\Atopic Dermatitis\1_25.jpg,1_25.jpg,train,Atopic Dermatitis,.jpg,17.89,a79c4741a3be4ea48ac6fd95c0745b4688c8356732e38c56f8004edc4b683062,294,222,3,RGB,False
G:\My Drive\Document\S2 MSIT\Deep Learning\Assigment 1\Skin Disease\skin_disease_cnn_assignment\data\raw\train\Atopic Dermatitis\1_26.jpg,1_26.jpg,train,Atopic Dermatitis,.jpg,24.41,252391199de14cf99c466e0ced7962815a807da72544b693540f216b8d52da74,294,222,3,RGB,False
G:\My Drive\Document\S2 MSIT\Deep Learning\Assigment 1\Skin Disease\skin_disease_cnn_assignment\data\raw\train\Atopic Dermatitis\1_27.jpg,1_27.jpg,train,Atopic Dermatitis,.jpg,15.23,deceddceccebc61fc664185fe17322c7ab44242f9577db1ff3f2918fd6b6f16f,294,222,3,RGB,False
G:\My Drive\Document\S2 MSIT\Deep Learning\Assigment 1\Skin Disease\skin_disease_cnn_assignment\data\raw\train\Atopic Dermatitis\1_29.jpg,1_29.jpg,train,Atopic Dermatitis,.jpg,19.61,4767fe9aae2a9853d44e0b3dabecd214ee59a23ef0a6409bcca39560100705b2,294,222,3,RGB,False
G:\My Drive\Document\S2 MSIT\Deep Learning\Assigment 1\Skin Disease\skin_disease_cnn_assignment\data\raw\train\Atopic Dermatitis\1_30.jpg,1_30.jpg,train,Atopic Dermatitis,.jpg,13.95,61063e5e2425b3c4af9d4e8a3fbc48b9403bb3cf290864325a9b419e0e715ee1,294,222,3,RGB,False
G:\My Drive\Document\S2 MSIT\Deep Learning\Assigment 1\Skin Disease\skin_disease_cnn_assignment\data\raw\train\Atopic Dermatitis\1_31.jpg,1_31.jpg,train,Atopic Dermatitis,.jpg,14.36,dd5bf3a73cf8da008b79531f6d5ad0b1590853e040db161528fe8dfdca185674,294,222,3,RGB,False
G:\My Drive\Document\S2 MSIT\Deep Learning\Assigment 1\Skin Disease\skin_disease_cnn_assignment\data\raw\train\Atopic Dermatitis\1_32.jpg,1_32.jpg,train,Atopic Dermatitis,.jpg,19.53,53e6793a95c03ed34386913c69b527a8ac6c744ae2185004260925f62f22a7e6,294,222,3,RGB,False
G:\My Drive\Document\S2 MSIT\Deep Learning\Assigment 1\Skin Disease\skin_disease_cnn_assignment\data\raw\train\Atopic Dermatitis\1_35.jpg,1_35.jpg,train,Atopic Dermatitis,.jpg,16.32,a50f479d12e795d572fa766ed1993bc8d9762ee13e5dbe15323e3661dcea4541,294,222,3,RGB,False
G:\My Drive\Document\S2 MSIT\Deep Learning\Assigment 1\Skin Disease\skin_disease_cnn_assignment\data\raw\train\Atopic Dermatitis\1_36.jpg,1_36.jpg,train,Atopic Dermatitis,.jpg,15.89,cfb76da9183e6fc1a7b31aa4410fb306edf32452e9e7acfbfbbf54c4ef1974a2,294,222,3,RGB,False
G:\My Drive\Document\S2 MSIT\Deep Learning\Assigment 1\Skin Disease\skin_disease_cnn_assignment\data\raw\train\Atopic Dermatitis\1_39.jpg,1_39.jpg,train,Atopic Dermatitis,.jpg,19.8,d409bed0cbe1211beee7c22994308e9f92073331c8406e9ebf62d353d6b43601,294,222,3,RGB,False
G:\My Drive\Document\S2 MSIT\Deep Learning\Assigment 1\Skin Disease\skin_disease_cnn_assignment\data\raw\train\Atopic Dermatitis\1_41.jpg,1_41.jpg,train,Atopic Dermatitis,.jpg,16.63,e52cfeb271e7590cea2a8402b9948bbbb557464ed95a5a4522bee9e65e2b231e,294,222,3,RGB,False
G:\My Drive\Document\S2 MSIT\Deep Learning\Assigment 1\Skin Disease\skin_disease_cnn_assignment\data\raw\train\Atopic Dermatitis\1_42.jpg,1_42.jpg,train,Atopic Dermatitis,.jpg,18.42,39b399701bc78d5decfe07cfbfd264b54df8047a36c79540467a4b7ea250a8e9,294,222,3,RGB,False
G:\My Drive\Document\S2 MSIT\Deep Learning\Assigment 1\Skin Disease\skin_disease_cnn_assignment\data\raw\train\Atopic Dermatitis\1_43.jpg,1_43.jpg,train,Atopic Dermatitis,.jpg,26.56,47bc1f3609264bea9481cb65ecff979e2f2dd233d4491f8d45f09512a861b08d,294,222,3,RGB,False
G:\My Drive\Document\S2 MSIT\Deep Learning\Assigment 1\Skin Disease\skin_disease_cnn_assignment\data\raw\train\Atopic Dermatitis\1_44.jpg,1_44.jpg,train,Atopic Dermatitis,.jpg,24.8,1de43db57812b57b13f3ff645797e22cee7908ca09eeeffec3e4b586e8031955,294,222,3,RGB,False
G:\My Drive\Document\S2 MSIT\Deep Learning\Assigment 1\Skin Disease\skin_disease_cnn_assignment\data\raw\train\Atopic Dermatitis\1_45.jpg,1_45.jpg,train,Atopic Dermatitis,.jpg,31.82,10bfe59e8233600f338f5ab610a87c668a5d69a6d06f005df7f0862df10d8d4f,294,222,3,RGB,False
G:\My Drive\Document\S2 MSIT\Deep Learning\Assigment 1\Skin Disease\skin_disease_cnn_assignment\data\raw\train\Atopic Dermatitis\1_46.jpg,1_46.jpg,train,Atopic Dermatitis,.jpg,16.41,3653387055144b5647a0aad91b9045642403bd58db7289e0be5288a70d66f6e3,294,222,3,RGB,False
G:\My Drive\Document\S2 MSIT\Deep Learning\Assigment 1\Skin Disease\skin_disease_cnn_assignment\data\raw\train\Atopic Dermatitis\1_47.jpg,1_47.jpg,train,Atopic Dermatitis,.jpg,12.72,3a2b3b7df910972be0b448b58261973af76a780770b33e7c5a477a6e2e877ddb,294,222,3,RGB,False
G:\My Drive\Document\S2 MSIT\Deep Learning\Assigment 1\Skin Disease\skin_disease_cnn_assignment\data\raw\train\Atopic Dermatitis\1_48.jpg,1_48.jpg,train,Atopic Dermatitis,.jpg,13.25,af236552ee562c4d2b18fd7c714963f1e58badef246b695bf8ca9f8b948778b7,294,222,3,RGB,False
G:\My Drive\Document\S2 MSIT\Deep Learning\Assigment 1\Skin Disease\skin_disease_cnn_assignment\data\raw\train\Atopic Dermatitis\1_49.jpg,1_49.jpg,train,Atopic Dermatitis,.jpg,19.23,6e6c89547c67fc4ce564c7312e92cae855ef69482b3ea3b9c739bb25b5e25f1f,294,222,3,RGB,False
G:\My Drive\Document\S2 MSIT\Deep Learning\Assigment 1\Skin Disease\skin_disease_cnn_assignment\data\raw\train\Atopic Dermatitis\1_51.jpg,1_51.jpg,train,Atopic Dermatitis,.jpg,19.23,6e6c89547c67fc4ce564c7312e92cae855ef69482b3ea3b9c739bb25b5e25f1f,294,222,3,RGB,False
G:\My Drive\Document\S2 MSIT\Deep Learning\Assigment 1\Skin Disease\skin_disease_cnn_assignment\data\raw\train\Atopic Dermatitis\1_52.jpg,1_52.jpg,train,Atopic Dermatitis,.jpg,15.32,39998878e9082fc3403ba786a4d31503d6a945ca8fbbe4a7c28b403db9c0de86,294,222,3,RGB,False
G:\My Drive\Document\S2 MSIT\Deep Learning\Assigment 1\Skin Disease\skin_disease_cnn_assignment\data\raw\train\Atopic Dermatitis\1_53.jpg,1_53.jpg,train,Atopic Dermatitis,.jpg,13.8,71eb17b26df3a2c4d62a432f53275afc6026743ed4a1ba893acfe0de29712a1e,294,222,3,RGB,False
G:\My Drive\Document\S2 MSIT\Deep Learning\Assigment 1\Skin Disease\skin_disease_cnn_assignment\data\raw\train\Atopic Dermatitis\1_55.jpg,1_55.jpg,train,Atopic Dermatitis,.jpg,17.2,106cbf4e0ad6f1a3c421994389b682b4fdf4cdd630e1f0d3c5dca8327aa77303,294,222,3,RGB,False
G:\My Drive\Document\S2 MSIT\Deep Learning\Assigment 1\Skin Disease\skin_disease_cnn_assignment\data\raw\train\Atopic Dermatitis\1_57.jpg,1_57.jpg,train,Atopic Dermatitis,.jpg,14.94,830350dc3e29c29d92ca9b3a413284fb20a63f8f481edbe27ce75789106e4159,294,222,3,RGB,False
G:\My Drive\Document\S2 MSIT\Deep Learning\Assigment 1\Skin Disease\skin_disease_cnn_assignment\data\raw\train\Atopic Dermatitis\1_58.jpg,1_58.jpg,train,Atopic Dermatitis,.jpg,18.86,7fdb1edec7e4d70713b031fdd86797c23bce2261eb4abd5303195f040178f85a,294,222,3,RGB,False
G:\My Drive\Document\S2 MSIT\Deep Learning\Assigment 1\Skin Disease\skin_disease_cnn_assignment\data\raw\train\Atopic Dermatitis\1_59.jpg,1_59.jpg,train,Atopic Dermatitis,.jpg,25.84,9d86c326d837884c35b03baaded3414b8db0610129888d7a9156d28a6fd94982,294,222,3,RGB,False
G:\My Drive\Document\S2 MSIT\Deep Learning\Assigment 1\Skin Disease\skin_disease_cnn_assignment\data\raw\train\Atopic Dermatitis\1_60.jpg,1_60.jpg,train,Atopic Dermatitis,.jpg,22.95,5dc6888813cbde259d01a8e4f9c66b0095e4eb7fbd45311bdd3865fa65de8ecd,294,222,3,RGB,False
G:\My Drive\Document\S2 MSIT\Deep Learning\Assigment 1\Skin Disease\skin_disease_cnn_assignment\data\raw\train\Atopic Dermatitis\1_62.jpg,1_62.jpg,train,Atopic Dermatitis,.jpg,18.92,6f8da81bba69ef5eee1d2d0f3dc3e34efbe2ec794e8f38b290c9794bfb3a8b42,294,222,3,RGB,False
G:\My Drive\Document\S2 MSIT\Deep Learning\Assigment 1\Skin Disease\skin_disease_cnn_assignment\data\raw\train\Atopic Dermatitis\1_63.jpg,1_63.jpg,train,Atopic Dermatitis,.jpg,25.17,b79a95ed079f100e79be4d043f00e46b774416aff2c97560389162b2c8435f7e,294,222,3,RGB,False
G:\My Drive\Document\S2 MSIT\Deep Learning\Assigment 1\Skin Disease\skin_disease_cnn_assignment\data\raw\train\Atopic Dermatitis\1_64.jpg,1_64.jpg,train,Atopic Dermatitis,.jpg,20.2,790d7245846eb47d044022ae55f7829e66a14c0f3e149efe5a0e2e9d3a544a0f,294,222,3,RGB,False
G:\My Drive\Document\S2 MSIT\Deep Learning\Assigment 1\Skin Disease\skin_disease_cnn_assignment\data\raw\train\Atopic Dermatitis\1_66.jpg,1_66.jpg,train,Atopic Dermatitis,.jpg,16.04,6b2598721cceb8144ae3a43548d9109971bf92f2f4ddee756fa9b92185611226,294,222,3,RGB,False
G:\My Drive\Document\S2 MSIT\Deep Learning\Assigment 1\Skin Disease\skin_disease_cnn_assignment\data\raw\train\Atopic Dermatitis\1_67.jpg,1_67.jpg,train,Atopic Dermatitis,.jpg,22.07,0274ac97cc4d764cc2a26e017dca6a51ba8e1091f2da992eda8449bd31f66d2f,294,222,3,RGB,False
G:\My Drive\Document\S2 MSIT\Deep Learning\Assigment 1\Skin Disease\skin_disease_cnn_assignment\data\raw\train\Atopic Dermatitis\1_68.jpg,1_68.jpg,train,Atopic Dermatitis,.jpg,31.57,bfd72f12f254a3f05b1db8b79d003a95bac25c2ca183a67588e4d52073655299,294,222,3,RGB,False
G:\My Drive\Document\S2 MSIT\Deep Learning\Assigment 1\Skin Disease\skin_disease_cnn_assignment\data\raw\train\Atopic Dermatitis\1_69.jpg,1_69.jpg,train,Atopic Dermatitis,.jpg,26.41,9cd46b34c16876a00490708cc28387a12949d5c2ef51634edda73bc9376dd9f0,294,222,3,RGB,False
G:\My Drive\Document\S2 MSIT\Deep Learning\Assigment 1\Skin Disease\skin_disease_cnn_assignment\data\raw\train\Atopic Dermatitis\1_71.jpg,1_71.jpg,train,Atopic Dermatitis,.jpg,26.65,fdf86f8d668727a429c7d133e487332deed086d7f2d7859d634a3f25ce1725cc,294,222,3,RGB,False
G:\My Drive\Document\S2 MSIT\Deep Learning\Assigment 1\Skin Disease\skin_disease_cnn_assignment\data\raw\train\Atopic Dermatitis\1_73.jpg,1_73.jpg,train,Atopic Dermatitis,.jpg,30.32,54ed173be54af83a012cd4b5b8d376edb813131b89ee955d135202911738103e,294,222,3,RGB,False
G:\My Drive\Document\S2 MSIT\Deep Learning\Assigment 1\Skin Disease\skin_disease_cnn_assignment\data\raw\train\Atopic Dermatitis\1_74.jpg,1_74.jpg,train,Atopic Dermatitis,.jpg,30.74,05dbb8f2ad40b9dc8d8ad9850701d2a672f6dd1209fe9ae1360b0b3197d2f8c3,294,222,3,RGB,False
G:\My Drive\Document\S2 MSIT\Deep Learning\Assigment 1\Skin Disease\skin_disease_cnn_assignment\data\raw\train\Atopic Dermatitis\1_76.jpg,1_76.jpg,train,Atopic Dermatitis,.jpg,21.82,ac151390feccba73e4ef434f5c33e4b812d2585a2b67136e34602f386e0e1253,294,222,3,RGB,False
G:\My Drive\Document\S2 MSIT\Deep Learning\Assigment 1\Skin Disease\skin_disease_cnn_assignment\data\raw\train\Atopic Dermatitis\1_77.jpg,1_77.jpg,train,Atopic Dermatitis,.jpg,20.77,1950364a0aa415d57af38058d27a41bc4eedf85fa0681202ee4e27f1b9a8c05d,294,222,3,RGB,False
G:\My Drive\Document\S2 MSIT\Deep Learning\Assigment 1\Skin Disease\skin_disease_cnn_assignment\data\raw\train\Atopic Dermatitis\1_78.jpg,1_78.jpg,train,Atopic Dermatitis,.jpg,23.35,45a63289ad8db7b5304b731100523bbbb023d08fcde9dd1ae120057dca6e78d6,294,222,3,RGB,False
G:\My Drive\Document\S2 MSIT\Deep Learning\Assigment 1\Skin Disease\skin_disease_cnn_assignment\data\raw\train\Atopic Dermatitis\1_79.jpg,1_79.jpg,train,Atopic Dermatitis,.jpg,21.65,6efbd525926f624fe7f3fbffa114e1b5005d0ce0e6d5465c9fc74e02b29fdff9,294,222,3,RGB,False
G:\My Drive\Document\S2 MSIT\Deep Learning\Assigment 1\Skin Disease\skin_disease_cnn_assignment\data\raw\train\Atopic Dermatitis\1_80.jpg,1_80.jpg,train,Atopic Dermatitis,.jpg,11.89,94e1e769169c1db20d30450a2780e7a84a17f6c283a109673c642731fdf716c9,294,222,3,RGB,False
G:\My Drive\Document\S2 MSIT\Deep Learning\Assigment 1\Skin Disease\skin_disease_cnn_assignment\data\raw\train\Atopic Dermatitis\1_81.jpg,1_81.jpg,train,Atopic Dermatitis,.jpg,14.91,6fe26251bc07cf36223c89670300805053c1e77c72ed134cfafc7538b4b979b7,294,222,3,RGB,False
G:\My Drive\Document\S2 MSIT\Deep Learning\Assigment 1\Skin Disease\skin_disease_cnn_assignment\data\raw\train\Atopic Dermatitis\1_82.jpg,1_82.jpg,train,Atopic Dermatitis,.jpg,14.06,c4512b16f7d3a62309e6d0902a6e76eb952c4cffbeaec75593d18e69c8aa4112,294,222,3,RGB,False
G:\My Drive\Document\S2 MSIT\Deep Learning\Assigment 1\Skin Disease\skin_disease_cnn_assignment\data\raw\train\Atopic Dermatitis\1_83.jpg,1_83.jpg,train,Atopic Dermatitis,.jpg,9.87,6883d8906d7d86c35ad3d301c6033b1867b2470283ddfe0321363601339f6cd0,294,222,3,RGB,False
G:\My Drive\Document\S2 MSIT\Deep Learning\Assigment 1\Skin Disease\skin_disease_cnn_assignment\data\raw\train\Atopic Dermatitis\1_84.jpg,1_84.jpg,train,Atopic Dermatitis,.jpg,14.33,256f0b41aeb50b73a6587f838f258ae0ec51d64b9802663945899e7e41c49581,294,222,3,RGB,False
G:\My Drive\Document\S2 MSIT\Deep Learning\Assigment 1\Skin Disease\skin_disease_cnn_assignment\data\raw\train\Atopic Dermatitis\2_0.jpg,2_0.jpg,train,Atopic Dermatitis,.jpg,24.58,aaeae1851476d0a31aac28bc6f00b2448f6782e0ceb91ae211bcc4357e487942,294,222,3,RGB,False
G:\My Drive\Document\S2 MSIT\Deep Learning\Assigment 1\Skin Disease\skin_disease_cnn_assignment\data\raw\train\Atopic Dermatitis\2_1.jpg,2_1.jpg,train,Atopic Dermatitis,.jpg,21.26,70e506b758ec03e5306f2d47ae74f97879c27ad5fa98e834d692a8df4a601263,294,222,3,RGB,False
G:\My Drive\Document\S2 MSIT\Deep Learning\Assigment 1\Skin Disease\skin_disease_cnn_assignment\data\raw\train\Atopic Dermatitis\2_10.jpg,2_10.jpg,train,Atopic Dermatitis,.jpg,20.0,1b0d5fc8e017f53d390e5ff958e008de2885a10a69a693678ac307de313eaa23,294,222,3,RGB,False
G:\My Drive\Document\S2 MSIT\Deep Learning\Assigment 1\Skin Disease\skin_disease_cnn_assignment\data\raw\train\Atopic Dermatitis\2_11.jpg,2_11.jpg,train,Atopic Dermatitis,.jpg,20.57,bcc11e80624b67b59b3037bab69ebca254285cf32c5bdef920fe8d87822da43e,294,222,3,RGB,False
G:\My Drive\Document\S2 MSIT\Deep Learning\Assigment 1\Skin Disease\skin_disease_cnn_assignment\data\raw\train\Atopic Dermatitis\2_12.jpg,2_12.jpg,train,Atopic Dermatitis,.jpg,14.45,980d6b7152555fb040ff41b34c0b0f8e3f1591e3f2d9f34ebf672a86daa587cb,294,222,3,RGB,False
G:\My Drive\Document\S2 MSIT\Deep Learning\Assigment 1\Skin Disease\skin_disease_cnn_assignment\data\raw\train\Atopic Dermatitis\2_13.jpg,2_13.jpg,train,Atopic Dermatitis,.jpg,14.36,43848e83bd80cca737a7bf6167a660621159780aa10d0b3177e3656a24b94304,294,222,3,RGB,False
G:\My Drive\Document\S2 MSIT\Deep Learning\Assigment 1\Skin Disease\skin_disease_cnn_assignment\data\raw\train\Atopic Dermatitis\2_15.jpg,2_15.jpg,train,Atopic Dermatitis,.jpg,21.84,c77f6d6f51f2e9775faa0b7f8e3135fe8eec74aa612f3f633a93a6bb75e162c0,294,222,3,RGB,False
G:\My Drive\Document\S2 MSIT\Deep Learning\Assigment 1\Skin Disease\skin_disease_cnn_assignment\data\raw\train\Atopic Dermatitis\2_17.jpg,2_17.jpg,train,Atopic Dermatitis,.jpg,16.19,d68ea7ee75f36b25cbbc447136c6e575b6870e30c6ec9b6ca30f8d1610923bb4,294,222,3,RGB,False
G:\My Drive\Document\S2 MSIT\Deep Learning\Assigment 1\Skin Disease\skin_disease_cnn_assignment\data\raw\train\Atopic Dermatitis\2_18.jpg,2_18.jpg,train,Atopic Dermatitis,.jpg,17.66,24d36381e182ef85053a8a19618ccba9be25939928a6b8566977d49c24474ca7,294,222,3,RGB,False
G:\My Drive\Document\S2 MSIT\Deep Learning\Assigment 1\Skin Disease\skin_disease_cnn_assignment\data\raw\train\Atopic Dermatitis\2_19.jpg,2_19.jpg,train,Atopic Dermatitis,.jpg,17.84,77a098071b75a6caebfecd8d665cf2b408e0e13ba1bf43a8eb28f43566693ad9,294,222,3,RGB,False
G:\My Drive\Document\S2 MSIT\Deep Learning\Assigment 1\Skin Disease\skin_disease_cnn_assignment\data\raw\train\Atopic Dermatitis\2_2.jpg,2_2.jpg,train,Atopic Dermatitis,.jpg,19.9,bdb8ee35c9ac960fb128013bc85371442358b7a49481cd56e3ec1495f533e994,294,222,3,RGB,False
G:\My Drive\Document\S2 MSIT\Deep Learning\Assigment 1\Skin Disease\skin_disease_cnn_assignment\data\raw\train\Atopic Dermatitis\2_20.jpg,2_20.jpg,train,Atopic Dermatitis,.jpg,19.11,e5c87cc5ae285618f34e8d742f586f1ca9b6c6ccd9b49e2a4c1a09ff9e5b6248,294,222,3,RGB,False
G:\My Drive\Document\S2 MSIT\Deep Learning\Assigment 1\Skin Disease\skin_disease_cnn_assignment\data\raw\train\Atopic Dermatitis\2_21.jpg,2_21.jpg,train,Atopic Dermatitis,.jpg,20.69,277c488f1f3c4c1da3888a76674312264de29712b8b8f71133e1a3f277511da6,294,222,3,RGB,False
G:\My Drive\Document\S2 MSIT\Deep Learning\Assigment 1\Skin Disease\skin_disease_cnn_assignment\data\raw\train\Atopic Dermatitis\2_22.jpg,2_22.jpg,train,Atopic Dermatitis,.jpg,18.31,48af0da650ab313a800d7b81a380060773cbff7d1a803772f7cd8eba18aab22f,294,222,3,RGB,False
G:\My Drive\Document\S2 MSIT\Deep Learning\Assigment 1\Skin Disease\skin_disease_cnn_assignment\data\raw\train\Atopic Dermatitis\2_23.jpg,2_23.jpg,train,Atopic Dermatitis,.jpg,17.98,e7322e25e8478c0f534a8ece2d84bd393822400312d98204f12c8d533e27e816,294,222,3,RGB,False
G:\My Drive\Document\S2 MSIT\Deep Learning\Assigment 1\Skin Disease\skin_disease_cnn_assignment\data\raw\train\Atopic Dermatitis\2_24.jpg,2_24.jpg,train,Atopic Dermatitis,.jpg,16.88,ba69535fd28afc219ba8c66660930d2fbfc06ed90c71337df745b670b8ab743b,294,222,3,RGB,False
G:\My Drive\Document\S2 MSIT\Deep Learning\Assigment 1\Skin Disease\skin_disease_cnn_assignment\data\raw\train\Atopic Dermatitis\2_25.jpg,2_25.jpg,train,Atopic Dermatitis,.jpg,21.17,292f25cd1c7f9737c4f987b1bc52a37ed2db7a5369c7021464c14af828fd42f2,294,222,3,RGB,False
G:\My Drive\Document\S2 MSIT\Deep Learning\Assigment 1\Skin Disease\skin_disease_cnn_assignment\data\raw\train\Atopic Dermatitis\2_27.jpg,2_27.jpg,train,Atopic Dermatitis,.jpg,15.0,7490b95ee8eeaccde96bfc7f7b434880356995c23ccb10855b0b97e1b1db1f86,294,222,3,RGB,False
G:\My Drive\Document\S2 MSIT\Deep Learning\Assigment 1\Skin Disease\skin_disease_cnn_assignment\data\raw\train\Atopic Dermatitis\2_4.jpg,2_4.jpg,train,Atopic Dermatitis,.jpg,21.97,5bd110c763301517133a52c3ffbe505d61f30d7349e7dac6e7ae23325795ac0a,294,222,3,RGB,False
G:\My Drive\Document\S2 MSIT\Deep Learning\Assigment 1\Skin Disease\skin_disease_cnn_assignment\data\raw\train\Atopic Dermatitis\2_5.jpg,2_5.jpg,train,Atopic Dermatitis,.jpg,27.65,1beeb105de6de766e068bd9e963d8e765676a3a5c88efc716872eb43a392706a,294,222,3,RGB,False
G:\My Drive\Document\S2 MSIT\Deep Learning\Assigment 1\Skin Disease\skin_disease_cnn_assignment\data\raw\train\Atopic Dermatitis\2_6.jpg,2_6.jpg,train,Atopic Dermatitis,.jpg,27.88,bab2184667cfdaeaf63dabacc855c0b928647c95fa8171443c6b90d5a5b6e4a9,294,222,3,RGB,False
G:\My Drive\Document\S2 MSIT\Deep Learning\Assigment 1\Skin Disease\skin_disease_cnn_assignment\data\raw\train\Atopic Dermatitis\2_7.jpg,2_7.jpg,train,Atopic Dermatitis,.jpg,27.5,c4965244802292bfffb8de9de9f693687ac13bfc8a5ce408d9901a4eadfa34a6,294,222,3,RGB,False
G:\My Drive\Document\S2 MSIT\Deep Learning\Assigment 1\Skin Disease\skin_disease_cnn_assignment\data\raw\train\Atopic Dermatitis\2_8.jpg,2_8.jpg,train,Atopic Dermatitis,.jpg,29.95,9aff8cc41ec62ee2e636be337226face5a517a5cfdc3d424b74a2b73823afb24,294,222,3,RGB,False
G:\My Drive\Document\S2 MSIT\Deep Learning\Assigment 1\Skin Disease\skin_disease_cnn_assignment\data\raw\train\Atopic Dermatitis\2_9.jpg,2_9.jpg,train,Atopic Dermatitis,.jpg,27.21,333bbd573eb0b410bde28ee143234844657a52f79bf3388b60626f50a5458601,294,222,3,RGB,False
G:\My Drive\Document\S2 MSIT\Deep Learning\Assigment 1\Skin Disease\skin_disease_cnn_assignment\data\raw\train\Benign keratosis\ISIC_0014567_downsampled.jpg,ISIC_0014567_downsampled.jpg,train,Benign keratosis,.jpg,301.02,f3a0381d492591bcb62e9c5e049c3499e12e20cb9ef62ddd3b6143b39a405998,1024,764,3,RGB,False
G:\My Drive\Document\S2 MSIT\Deep Learning\Assigment 1\Skin Disease\skin_disease_cnn_assignment\data\raw\train\Benign keratosis\ISIC_0014568_downsampled.jpg,ISIC_0014568_downsampled.jpg,train,Benign keratosis,.jpg,273.74,03560523db7d0bd5d4f27a0a9eece552c500ec4d174af1526895a72d8d6bedcd,1024,764,3,RGB,False
G:\My Drive\Document\S2 MSIT\Deep Learning\Assigment 1\Skin Disease\skin_disease_cnn_assignment\data\raw\train\Benign keratosis\ISIC_0014569_downsampled.jpg,ISIC_0014569_downsampled.jpg,train,Benign keratosis,.jpg,318.63,e31620ff1aa872dd97621378551d25c346ef8ecbfc7e069ff9c2d8ded7b2ad4f,1024,764,3,RGB,False
G:\My Drive\Document\S2 MSIT\Deep Learning\Assigment 1\Skin Disease\skin_disease_cnn_assignment\data\raw\train\Benign keratosis\ISIC_0014571_downsampled.jpg,ISIC_0014571_downsampled.jpg,train,Benign keratosis,.jpg,324.5,9684e02aa23d33e1d93ac8f3878951bd8dce6c982f34ed8162512e9e42d76fd6,1024,764,3,RGB,False
G:\My Drive\Document\S2 MSIT\Deep Learning\Assigment 1\Skin Disease\skin_disease_cnn_assignment\data\raw\train\Benign keratosis\ISIC_0014572_downsampled.jpg,ISIC_0014572_downsampled.jpg,train,Benign keratosis,.jpg,245.96,09fd8b094e44fa3e7a84ffc8c0044cdbe897d5beb9d0c853fff4c29b97f097ec,1024,764,3,RGB,False
G:\My Drive\Document\S2 MSIT\Deep Learning\Assigment 1\Skin Disease\skin_disease_cnn_assignment\data\raw\train\Benign keratosis\ISIC_0014573_downsampled.jpg,ISIC_0014573_downsampled.jpg,train,Benign keratosis,.jpg,282.14,e1eb7ca761543728e75c82db2bebc5cf4238e755172569ea7b1cfe5b3310acf0,1024,764,3,RGB,False
G:\My Drive\Document\S2 MSIT\Deep Learning\Assigment 1\Skin Disease\skin_disease_cnn_assignment\data\raw\train\Benign keratosis\ISIC_0014574_downsampled.jpg,ISIC_0014574_downsampled.jpg,train,Benign keratosis,.jpg,207.18,928ce7e898294f83b98a7be8cf8250002d38f66b4e8fc291527ffc1aa47fb1dd,1024,764,3,RGB,False
G:\My Drive\Document\S2 MSIT\Deep Learning\Assigment 1\Skin Disease\skin_disease_cnn_assignment\data\raw\train\Benign keratosis\ISIC_0014575_downsampled.jpg,ISIC_0014575_downsampled.jpg,train,Benign keratosis,.jpg,211.22,634de4710f845e2b66d256caca5ed146064f2cf9f64895be14b395bcb8a8b31e,1024,764,3,RGB,False
G:\My Drive\Document\S2 MSIT\Deep Learning\Assigment 1\Skin Disease\skin_disease_cnn_assignment\data\raw\train\Benign keratosis\ISIC_0014576_downsampled.jpg,ISIC_0014576_downsampled.jpg,train,Benign keratosis,.jpg,206.75,ff4ced5745ee1db894719be46b76d8bc9045850d2c2017491406c0afe13f5bfe,1024,764,3,RGB,False
G:\My Drive\Document\S2 MSIT\Deep Learning\Assigment 1\Skin Disease\skin_disease_cnn_assignment\data\raw\train\Benign keratosis\ISIC_0014577_downsampled.jpg,ISIC_0014577_downsampled.jpg,train,Benign keratosis,.jpg,226.8,0816d7c65d63c87ec2f1526ab0cc4bc202fb737124bc3463b7b393390a300e73,1024,764,3,RGB,False
G:\My Drive\Document\S2 MSIT\Deep Learning\Assigment 1\Skin Disease\skin_disease_cnn_assignment\data\raw\train\Benign keratosis\ISIC_0014578_downsampled.jpg,ISIC_0014578_downsampled.jpg,train,Benign keratosis,.jpg,208.12,be12e6ab61e7ecb439a5497746109fea10d58b969f2fa9419c9d7eab7ad72cba,1024,764,3,RGB,False
G:\My Drive\Document\S2 MSIT\Deep Learning\Assigment 1\Skin Disease\skin_disease_cnn_assignment\data\raw\train\Benign keratosis\ISIC_0014581_downsampled.jpg,ISIC_0014581_downsampled.jpg,train,Benign keratosis,.jpg,355.58,1f23e5412f10fa17ea0c33ff2af4ff146bf1263e1d964401c60b1b01644fa85d,1024,764,3,RGB,False
G:\My Drive\Document\S2 MSIT\Deep Learning\Assigment 1\Skin Disease\skin_disease_cnn_assignment\data\raw\train\Benign keratosis\ISIC_0014585_downsampled.jpg,ISIC_0014585_downsampled.jpg,train,Benign keratosis,.jpg,246.18,e5496136c19605d3e59597ae3c2d9958a1b3ae8b7bdf3408261d7e91f40b5310,1024,682,3,RGB,False
G:\My Drive\Document\S2 MSIT\Deep Learning\Assigment 1\Skin Disease\skin_disease_cnn_assignment\data\raw\train\Benign keratosis\ISIC_0014586_downsampled.jpg,ISIC_0014586_downsampled.jpg,train,Benign keratosis,.jpg,327.23,740adcf84034a68ad55e8ca6b677b564eeed32e6b027ea1f7181406d4d0a515a,1024,682,3,RGB,False
G:\My Drive\Document\S2 MSIT\Deep Learning\Assigment 1\Skin Disease\skin_disease_cnn_assignment\data\raw\train\Benign keratosis\ISIC_0014587_downsampled.jpg,ISIC_0014587_downsampled.jpg,train,Benign keratosis,.jpg,319.87,9c9c240769bb6414efa2d031c8cbe888bfcc13505440691075247efb22c272fe,1024,764,3,RGB,False
G:\My Drive\Document\S2 MSIT\Deep Learning\Assigment 1\Skin Disease\skin_disease_cnn_assignment\data\raw\train\Benign keratosis\ISIC_0014588_downsampled.jpg,ISIC_0014588_downsampled.jpg,train,Benign keratosis,.jpg,298.14,d81a3805f982335557f38d7922ad0fa049817ad4ec145684cbd6ed6d5d6f2e5a,1024,764,3,RGB,False
G:\My Drive\Document\S2 MSIT\Deep Learning\Assigment 1\Skin Disease\skin_disease_cnn_assignment\data\raw\train\Benign keratosis\ISIC_0014589_downsampled.jpg,ISIC_0014589_downsampled.jpg,train,Benign keratosis,.jpg,293.83,cf2a6da2b389a729ef2bf2f8e879828f1b17ff67fc7f5f86f6f39a2e0220ee0a,1024,764,3,RGB,False
G:\My Drive\Document\S2 MSIT\Deep Learning\Assigment 1\Skin Disease\skin_disease_cnn_assignment\data\raw\train\Benign keratosis\ISIC_0014592_downsampled.jpg,ISIC_0014592_downsampled.jpg,train,Benign keratosis,.jpg,240.0,d0484c8b67ee8e628c9de86521f4359648083f546cfe3b8dab9cdf28ff36f1ff,1024,764,3,RGB,False
G:\My Drive\Document\S2 MSIT\Deep Learning\Assigment 1\Skin Disease\skin_disease_cnn_assignment\data\raw\train\Benign keratosis\ISIC_0014593_downsampled.jpg,ISIC_0014593_downsampled.jpg,train,Benign keratosis,.jpg,252.47,6080589bc5659c5fb69584728c1ecff7a48a4117b2b4f82f8e9790259b0dd1b0,1024,764,3,RGB,False
G:\My Drive\Document\S2 MSIT\Deep Learning\Assigment 1\Skin Disease\skin_disease_cnn_assignment\data\raw\train\Benign keratosis\ISIC_0014594_downsampled.jpg,ISIC_0014594_downsampled.jpg,train,Benign keratosis,.jpg,261.68,cb7da5e296fb29b7b4e48d7773a3c805e44591eface0929f2281a2f1d48b3de9,1024,764,3,RGB,False
G:\My Drive\Document\S2 MSIT\Deep Learning\Assigment 1\Skin Disease\skin_disease_cnn_assignment\data\raw\train\Benign keratosis\ISIC_0014595_downsampled.jpg,ISIC_0014595_downsampled.jpg,train,Benign keratosis,.jpg,267.97,346906230a21d6e0ab7d5ef0ce67d00d5e1930724b1aec930d8404c503b71a34,1024,764,3,RGB,False
G:\My Drive\Document\S2 MSIT\Deep Learning\Assigment 1\Skin Disease\skin_disease_cnn_assignment\data\raw\train\Benign keratosis\ISIC_0014596_downsampled.jpg,ISIC_0014596_downsampled.jpg,train,Benign keratosis,.jpg,258.63,64e34daaf588b9431d988a3fe3d415dba1253c3e188b3fdd74afa0e755b7ec98,1024,764,3,RGB,False
G:\My Drive\Document\S2 MSIT\Deep Learning\Assigment 1\Skin Disease\skin_disease_cnn_assignment\data\raw\train\Benign keratosis\ISIC_0014597_downsampled.jpg,ISIC_0014597_downsampled.jpg,train,Benign keratosis,.jpg,222.01,e614b138cc7813fd6a21c5538e6239ef06f605ef6feb1df03ac325f4c6892cb2,1024,764,3,RGB,False
G:\My Drive\Document\S2 MSIT\Deep Learning\Assigment 1\Skin Disease\skin_disease_cnn_assignment\data\raw\train\Benign keratosis\ISIC_0014598_downsampled.jpg,ISIC_0014598_downsampled.jpg,train,Benign keratosis,.jpg,229.15,2183a07dc9587eba85eb282a590160d966d6eaa69c68015b60effa892f61c1c9,1024,764,3,RGB,False
G:\My Drive\Document\S2 MSIT\Deep Learning\Assigment 1\Skin Disease\skin_disease_cnn_assignment\data\raw\train\Benign keratosis\ISIC_0014599_downsampled.jpg,ISIC_0014599_downsampled.jpg,train,Benign keratosis,.jpg,318.49,2af0e1904194b2dc69f6b5ce2f6b390f371e866e897da6f79c039c6ca929951a,1024,764,3,RGB,False
G:\My Drive\Document\S2 MSIT\Deep Learning\Assigment 1\Skin Disease\skin_disease_cnn_assignment\data\raw\train\Benign keratosis\ISIC_0014600_downsampled.jpg,ISIC_0014600_downsampled.jpg,train,Benign keratosis,.jpg,278.79,10f92a4fac298bc3cf158e51c11ee1ee0b13cc855eb83cdba8ec712dc1901628,1024,764,3,RGB,False
G:\My Drive\Document\S2 MSIT\Deep Learning\Assigment 1\Skin Disease\skin_disease_cnn_assignment\data\raw\train\Benign keratosis\ISIC_0014601_downsampled.jpg,ISIC_0014601_downsampled.jpg,train,Benign keratosis,.jpg,315.49,26a0a8e246ee851ddc4b5e0fa662fa2f61ec6ecae30723a619c9a4bb7b4914f4,1024,764,3,RGB,False
G:\My Drive\Document\S2 MSIT\Deep Learning\Assigment 1\Skin Disease\skin_disease_cnn_assignment\data\raw\train\Benign keratosis\ISIC_0014602_downsampled.jpg,ISIC_0014602_downsampled.jpg,train,Benign keratosis,.jpg,333.14,eb71023485792a071323a04e745b9c4590f3c4b62e3e0391a7b6612f6ac7c9f3,1024,764,3,RGB,False
G:\My Drive\Document\S2 MSIT\Deep Learning\Assigment 1\Skin Disease\skin_disease_cnn_assignment\data\raw\train\Benign keratosis\ISIC_0014606_downsampled.jpg,ISIC_0014606_downsampled.jpg,train,Benign keratosis,.jpg,277.62,5d489f204958b1e0c4f627249b247e5b5addd8b28cd766787bdff03a5aff0121,1024,764,3,RGB,False
G:\My Drive\Document\S2 MSIT\Deep Learning\Assigment 1\Skin Disease\skin_disease_cnn_assignment\data\raw\train\Benign keratosis\ISIC_0014607_downsampled.jpg,ISIC_0014607_downsampled.jpg,train,Benign keratosis,.jpg,220.97,6f72919033e869d94dcedffa2e7cf2e6c12c2dad0691be6e9fd5b411fe5f4ce5,1024,764,3,RGB,False
G:\My Drive\Document\S2 MSIT\Deep Learning\Assigment 1\Skin Disease\skin_disease_cnn_assignment\data\raw\train\Benign keratosis\ISIC_0014608_downsampled.jpg,ISIC_0014608_downsampled.jpg,train,Benign keratosis,.jpg,226.49,4c0cb540079710b435b8c28bcb64a0751d650e769810ff8126f93863b95cb06d,1024,764,3,RGB,False
G:\My Drive\Document\S2 MSIT\Deep Learning\Assigment 1\Skin Disease\skin_disease_cnn_assignment\data\raw\train\Benign keratosis\ISIC_0014610_downsampled.jpg,ISIC_0014610_downsampled.jpg,train,Benign keratosis,.jpg,200.53,97058996e853976096b008d1e567921c1306833575755f0c66e01dfcc6bfd2cc,1024,764,3,RGB,False
G:\My Drive\Document\S2 MSIT\Deep Learning\Assigment 1\Skin Disease\skin_disease_cnn_assignment\data\raw\train\Benign keratosis\ISIC_0014611_downsampled.jpg,ISIC_0014611_downsampled.jpg,train,Benign keratosis,.jpg,273.32,da751a68d7d2c161b7b8136590db73e773ce9a88dcbda702bb71e890aecda944,1024,764,3,RGB,False
G:\My Drive\Document\S2 MSIT\Deep Learning\Assigment 1\Skin Disease\skin_disease_cnn_assignment\data\raw\train\Benign keratosis\ISIC_0014612_downsampled.jpg,ISIC_0014612_downsampled.jpg,train,Benign keratosis,.jpg,282.41,1070ed7382b27dc14f8ff023605adfbf091f4a3817530b612c4bc3598047cfc3,1024,764,3,RGB,False
G:\My Drive\Document\S2 MSIT\Deep Learning\Assigment 1\Skin Disease\skin_disease_cnn_assignment\data\raw\train\Benign keratosis\ISIC_0014615_downsampled.jpg,ISIC_0014615_downsampled.jpg,train,Benign keratosis,.jpg,252.52,cee954e0a325472ae39f36d5de750303460242239921e9df099f49af77fb58c6,1024,764,3,RGB,False
G:\My Drive\Document\S2 MSIT\Deep Learning\Assigment 1\Skin Disease\skin_disease_cnn_assignment\data\raw\train\Benign keratosis\ISIC_0014616_downsampled.jpg,ISIC_0014616_downsampled.jpg,train,Benign keratosis,.jpg,329.16,b6d427e1b6ce6792f5ac1e225701f859cdcc9e89114705c6a0b4473128cf9012,1024,764,3,RGB,False
G:\My Drive\Document\S2 MSIT\Deep Learning\Assigment 1\Skin Disease\skin_disease_cnn_assignment\data\raw\train\Benign keratosis\ISIC_0014618_downsampled.jpg,ISIC_0014618_downsampled.jpg,train,Benign keratosis,.jpg,265.24,5e7a63bb94a3b54180b98368d59407abfe2c1c7c8f5cc12203346181bc51dd38,1024,764,3,RGB,False
G:\My Drive\Document\S2 MSIT\Deep Learning\Assigment 1\Skin Disease\skin_disease_cnn_assignment\data\raw\train\Benign keratosis\ISIC_0014620_downsampled.jpg,ISIC_0014620_downsampled.jpg,train,Benign keratosis,.jpg,270.56,4c30db1483a043d999f66140125c5538f1721b34572604b42b4f32cf03f5904f,1024,764,3,RGB,False
G:\My Drive\Document\S2 MSIT\Deep Learning\Assigment 1\Skin Disease\skin_disease_cnn_assignment\data\raw\train\Benign keratosis\ISIC_0014623_downsampled.jpg,ISIC_0014623_downsampled.jpg,train,Benign keratosis,.jpg,252.96,8452871e3858c98fa0747fde9a90cc586239ad902b50ab8a0f9634cdff203169,1024,764,3,RGB,False
G:\My Drive\Document\S2 MSIT\Deep Learning\Assigment 1\Skin Disease\skin_disease_cnn_assignment\data\raw\train\Benign keratosis\ISIC_0014624_downsampled.jpg,ISIC_0014624_downsampled.jpg,train,Benign keratosis,.jpg,223.82,c14db166688cf198429c7c7eb8c1b892cfaed6337eaed62a0e0bec1c5f1f1d00,1024,764,3,RGB,False
G:\My Drive\Document\S2 MSIT\Deep Learning\Assigment 1\Skin Disease\skin_disease_cnn_assignment\data\raw\train\Benign keratosis\ISIC_0014625_downsampled.jpg,ISIC_0014625_downsampled.jpg,train,Benign keratosis,.jpg,235.63,0ad04c2bd7d9aec34404710c38dd9bf0b6d02190d46cdb84c70e4071771b2dfd,1024,764,3,RGB,False
G:\My Drive\Document\S2 MSIT\Deep Learning\Assigment 1\Skin Disease\skin_disease_cnn_assignment\data\raw\train\Benign keratosis\ISIC_0014626_downsampled.jpg,ISIC_0014626_downsampled.jpg,train,Benign keratosis,.jpg,223.89,867c40a15834bec16124f4d1a80a5499db702b90e1644b8adb04a07a7f4041d9,1024,764,3,RGB,False
G:\My Drive\Document\S2 MSIT\Deep Learning\Assigment 1\Skin Disease\skin_disease_cnn_assignment\data\raw\train\Benign keratosis\ISIC_0014628_downsampled.jpg,ISIC_0014628_downsampled.jpg,train,Benign keratosis,.jpg,285.07,8dd7b15d93b80242cefdaddc751da705886e8f4a10b4a8ae7d795423dd58c26f,1024,764,3,RGB,False
G:\My Drive\Document\S2 MSIT\Deep Learning\Assigment 1\Skin Disease\skin_disease_cnn_assignment\data\raw\train\Benign keratosis\ISIC_0014629_downsampled.jpg,ISIC_0014629_downsampled.jpg,train,Benign keratosis,.jpg,278.14,ac982d5b8e7dd067a7240f7d879a5b825ea8141c5cf4f825f1ef8e4ffe38f5ce,1024,764,3,RGB,False
G:\My Drive\Document\S2 MSIT\Deep Learning\Assigment 1\Skin Disease\skin_disease_cnn_assignment\data\raw\train\Benign keratosis\ISIC_0014630_downsampled.jpg,ISIC_0014630_downsampled.jpg,train,Benign keratosis,.jpg,276.65,b6f268db0c1a01e45fcb95a13fcde94fbb1002a2e8eefa6a81a6935ac61a8724,1024,764,3,RGB,False
G:\My Drive\Document\S2 MSIT\Deep Learning\Assigment 1\Skin Disease\skin_disease_cnn_assignment\data\raw\train\Benign keratosis\ISIC_0014631_downsampled.jpg,ISIC_0014631_downsampled.jpg,train,Benign keratosis,.jpg,286.44,661b63be3653c2808a7cefe333aee920d9bb3318aba7fcb5ff40eec7b3f2042d,1024,764,3,RGB,False
G:\My Drive\Document\S2 MSIT\Deep Learning\Assigment 1\Skin Disease\skin_disease_cnn_assignment\data\raw\train\Benign keratosis\ISIC_0014632_downsampled.jpg,ISIC_0014632_downsampled.jpg,train,Benign keratosis,.jpg,323.72,61498d2d75d9a005b51a42f329c6164a14c1842bf7d033293581dd5058fe3dc1,1024,764,3,RGB,False
G:\My Drive\Document\S2 MSIT\Deep Learning\Assigment 1\Skin Disease\skin_disease_cnn_assignment\data\raw\train\Benign keratosis\ISIC_0014634_downsampled.jpg,ISIC_0014634_downsampled.jpg,train,Benign keratosis,.jpg,262.43,7f4a339a06c4e5bb01a338e4e3eb533750f9c83cee2f17176541042070596b8b,1024,764,3,RGB,False
G:\My Drive\Document\S2 MSIT\Deep Learning\Assigment 1\Skin Disease\skin_disease_cnn_assignment\data\raw\train\Benign keratosis\ISIC_0014635_downsampled.jpg,ISIC_0014635_downsampled.jpg,train,Benign keratosis,.jpg,290.54,9e904f317578652ed4b8692085a3383c00d900447804db0d4f841515f55a60d1,1024,764,3,RGB,False
G:\My Drive\Document\S2 MSIT\Deep Learning\Assigment 1\Skin Disease\skin_disease_cnn_assignment\data\raw\train\Benign keratosis\ISIC_0014636_downsampled.jpg,ISIC_0014636_downsampled.jpg,train,Benign keratosis,.jpg,298.12,69037dcf5152415da4bae34ff38dbebec962ec6712fe603b4cb6260683b1b594,1024,764,3,RGB,False
G:\My Drive\Document\S2 MSIT\Deep Learning\Assigment 1\Skin Disease\skin_disease_cnn_assignment\data\raw\train\Benign keratosis\ISIC_0014637_downsampled.jpg,ISIC_0014637_downsampled.jpg,train,Benign keratosis,.jpg,307.88,2e914e377b69d7953ea4f1ecd4400aa888e92fc740bb411ecf9675db789d0e9b,1024,764,3,RGB,False
G:\My Drive\Document\S2 MSIT\Deep Learning\Assigment 1\Skin Disease\skin_disease_cnn_assignment\data\raw\train\Benign keratosis\ISIC_0014638_downsampled.jpg,ISIC_0014638_downsampled.jpg,train,Benign keratosis,.jpg,242.44,4a617549acaa402c61a29c4b49d628380f96b41eff4d0e7996830083da99ce63,1024,764,3,RGB,False
G:\My Drive\Document\S2 MSIT\Deep Learning\Assigment 1\Skin Disease\skin_disease_cnn_assignment\data\raw\train\Benign keratosis\ISIC_0014639_downsampled.jpg,ISIC_0014639_downsampled.jpg,train,Benign keratosis,.jpg,223.46,5b9532c5124415ce775984a89bb4bcf073f11ae699bf8337d4e883754d462347,1024,764,3,RGB,False
G:\My Drive\Document\S2 MSIT\Deep Learning\Assigment 1\Skin Disease\skin_disease_cnn_assignment\data\raw\train\Benign keratosis\ISIC_0014640_downsampled.jpg,ISIC_0014640_downsampled.jpg,train,Benign keratosis,.jpg,228.64,1ec160b152007759f9728dea8cf490b2bb018411ec1e6eefd2a7472078242579,1024,764,3,RGB,False
G:\My Drive\Document\S2 MSIT\Deep Learning\Assigment 1\Skin Disease\skin_disease_cnn_assignment\data\raw\train\Benign keratosis\ISIC_0014642_downsampled.jpg,ISIC_0014642_downsampled.jpg,train,Benign keratosis,.jpg,210.94,7ea26cb170c49c4b169ccf2268420350f248abe4cd5f622435e2e785b96372b2,1024,764,3,RGB,False
G:\My Drive\Document\S2 MSIT\Deep Learning\Assigment 1\Skin Disease\skin_disease_cnn_assignment\data\raw\train\Benign keratosis\ISIC_0014643_downsampled.jpg,ISIC_0014643_downsampled.jpg,train,Benign keratosis,.jpg,258.86,7236c8fcfdc8dd8dbf4dcf8325d38ad448e4ca6a6a2036ad1b76e8044c37b428,1024,764,3,RGB,False
G:\My Drive\Document\S2 MSIT\Deep Learning\Assigment 1\Skin Disease\skin_disease_cnn_assignment\data\raw\train\Benign keratosis\ISIC_0014644_downsampled.jpg,ISIC_0014644_downsampled.jpg,train,Benign keratosis,.jpg,232.05,f35078f71a5d6b35e4dab25abb13a2558cedca10765839e02eea01f8dc72aae8,1024,682,3,RGB,False
G:\My Drive\Document\S2 MSIT\Deep Learning\Assigment 1\Skin Disease\skin_disease_cnn_assignment\data\raw\train\Benign keratosis\ISIC_0014646_downsampled.jpg,ISIC_0014646_downsampled.jpg,train,Benign keratosis,.jpg,261.92,6ece28ee970bdfff11e02dccfa30a4c0a6c2ba72d485e2ac400a6d105ae506c1,1024,764,3,RGB,False
G:\My Drive\Document\S2 MSIT\Deep Learning\Assigment 1\Skin Disease\skin_disease_cnn_assignment\data\raw\train\Benign keratosis\ISIC_0014647_downsampled.jpg,ISIC_0014647_downsampled.jpg,train,Benign keratosis,.jpg,506.44,0369e4ed9741ab4e5ced54cf21eeeefb622c45021ffadf20c538d823b5b73d9d,1024,764,3,RGB,False
G:\My Drive\Document\S2 MSIT\Deep Learning\Assigment 1\Skin Disease\skin_disease_cnn_assignment\data\raw\train\Benign keratosis\ISIC_0014648_downsampled.jpg,ISIC_0014648_downsampled.jpg,train,Benign keratosis,.jpg,268.22,126c09b7fb9ab185cbc2ae85a3331b1083c3b069d8ece60e9a64b1b912ffef35,1024,764,3,RGB,False
G:\My Drive\Document\S2 MSIT\Deep Learning\Assigment 1\Skin Disease\skin_disease_cnn_assignment\data\raw\train\Benign keratosis\ISIC_0014650_downsampled.jpg,ISIC_0014650_downsampled.jpg,train,Benign keratosis,.jpg,212.52,655896142cabf729ce530cfb03678fccdc04fdab70d5fa9daeed4fa73eb42305,1024,764,3,RGB,False
G:\My Drive\Document\S2 MSIT\Deep Learning\Assigment 1\Skin Disease\skin_disease_cnn_assignment\data\raw\train\Benign keratosis\ISIC_0014652_downsampled.jpg,ISIC_0014652_downsampled.jpg,train,Benign keratosis,.jpg,285.36,e336b7ee5de468dc423b288c5c3879663f10ca72f356b4ea924538436a733640,1024,764,3,RGB,False
G:\My Drive\Document\S2 MSIT\Deep Learning\Assigment 1\Skin Disease\skin_disease_cnn_assignment\data\raw\train\Benign keratosis\ISIC_0014654_downsampled.jpg,ISIC_0014654_downsampled.jpg,train,Benign keratosis,.jpg,219.2,a74b3a9a61f313e39a03c29f46d75bb2fbfa25a82e18fedd912ae0c94a1c3788,1024,764,3,RGB,False
G:\My Drive\Document\S2 MSIT\Deep Learning\Assigment 1\Skin Disease\skin_disease_cnn_assignment\data\raw\train\Benign keratosis\ISIC_0014711_downsampled.jpg,ISIC_0014711_downsampled.jpg,train,Benign keratosis,.jpg,233.69,5b5df8ad5b3f63d6c61d3e23892f5caf1451bae6e7831b2241a9b40d5484b984,1024,681,3,RGB,False
G:\My Drive\Document\S2 MSIT\Deep Learning\Assigment 1\Skin Disease\skin_disease_cnn_assignment\data\raw\train\Benign keratosis\ISIC_0014712_downsampled.jpg,ISIC_0014712_downsampled.jpg,train,Benign keratosis,.jpg,266.21,4d061ee1a2a08a681b0a20d945365ebfa521a4ac362e0873e66a33f8522f0d05,1024,683,3,RGB,False
G:\My Drive\Document\S2 MSIT\Deep Learning\Assigment 1\Skin Disease\skin_disease_cnn_assignment\data\raw\train\Benign keratosis\ISIC_0014723_downsampled.jpg,ISIC_0014723_downsampled.jpg,train,Benign keratosis,.jpg,315.15,2e45240a5f35e769d7151db1532a4d5f063511a4094bcb0a52463d715831b35c,1024,679,3,RGB,False
G:\My Drive\Document\S2 MSIT\Deep Learning\Assigment 1\Skin Disease\skin_disease_cnn_assignment\data\raw\train\Benign keratosis\ISIC_0014770_downsampled.jpg,ISIC_0014770_downsampled.jpg,train,Benign keratosis,.jpg,248.04,260b8323b5acc26767788a66b604c1b27acf6e9db94585f17af23d6cafe426cf,1024,671,3,RGB,False
G:\My Drive\Document\S2 MSIT\Deep Learning\Assigment 1\Skin Disease\skin_disease_cnn_assignment\data\raw\train\Benign keratosis\ISIC_0014793_downsampled.jpg,ISIC_0014793_downsampled.jpg,train,Benign keratosis,.jpg,256.82,8e25a06645270bc9233afc0c6c319bbfda3ffcf6a64642731da3741bacded5ee,1024,686,3,RGB,False
G:\My Drive\Document\S2 MSIT\Deep Learning\Assigment 1\Skin Disease\skin_disease_cnn_assignment\data\raw\train\Benign keratosis\ISIC_0014804_downsampled.jpg,ISIC_0014804_downsampled.jpg,train,Benign keratosis,.jpg,239.46,80caf5d2fbb2d7926d77a01975d37162b4382be501247c54b11748bd6485fa66,1024,685,3,RGB,False
G:\My Drive\Document\S2 MSIT\Deep Learning\Assigment 1\Skin Disease\skin_disease_cnn_assignment\data\raw\train\Benign keratosis\ISIC_0014806_downsampled.jpg,ISIC_0014806_downsampled.jpg,train,Benign keratosis,.jpg,339.17,50f8469cd129d1e076f4150c687f6a16b0ed4561de31a72320d2e3f5e34796f5,1024,681,3,RGB,False
G:\My Drive\Document\S2 MSIT\Deep Learning\Assigment 1\Skin Disease\skin_disease_cnn_assignment\data\raw\train\Benign keratosis\ISIC_0014811_downsampled.jpg,ISIC_0014811_downsampled.jpg,train,Benign keratosis,.jpg,230.39,8d1240b26bee066fca6294f12788cde60f389c652bf762ae0dbc0fb59a8cef96,1024,684,3,RGB,False
G:\My Drive\Document\S2 MSIT\Deep Learning\Assigment 1\Skin Disease\skin_disease_cnn_assignment\data\raw\train\Benign keratosis\ISIC_0014819_downsampled.jpg,ISIC_0014819_downsampled.jpg,train,Benign keratosis,.jpg,249.57,26c87e252a998da552b6a55fa3f9fbccda0ed1e04d6b9ca051beb135c379c706,1024,683,3,RGB,False
G:\My Drive\Document\S2 MSIT\Deep Learning\Assigment 1\Skin Disease\skin_disease_cnn_assignment\data\raw\train\Benign keratosis\ISIC_0014823_downsampled.jpg,ISIC_0014823_downsampled.jpg,train,Benign keratosis,.jpg,239.16,e0884bcd145f943cd52f0a4851bc882a370602304dc01619878903debb23ff81,1024,686,3,RGB,False
G:\My Drive\Document\S2 MSIT\Deep Learning\Assigment 1\Skin Disease\skin_disease_cnn_assignment\data\raw\train\Benign keratosis\ISIC_0014831_downsampled.jpg,ISIC_0014831_downsampled.jpg,train,Benign keratosis,.jpg,260.26,08136a074893bd8679bea8ed85985e427065f64e08bfa3e59decda02882ff9d4,1024,681,3,RGB,False
G:\My Drive\Document\S2 MSIT\Deep Learning\Assigment 1\Skin Disease\skin_disease_cnn_assignment\data\raw\train\Benign keratosis\ISIC_0015006_downsampled.jpg,ISIC_0015006_downsampled.jpg,train,Benign keratosis,.jpg,281.15,c8a9dc3445e1b3011c2d95ab230d52730366141394aada58a6d1e56c57e1069d,1024,681,3,RGB,False
G:\My Drive\Document\S2 MSIT\Deep Learning\Assigment 1\Skin Disease\skin_disease_cnn_assignment\data\raw\train\Benign keratosis\ISIC_0015032_downsampled.jpg,ISIC_0015032_downsampled.jpg,train,Benign keratosis,.jpg,258.69,df37578e834a37e11981c8436f4ab90fa5bbdc9cedc49219466e28484364f657,1024,680,3,RGB,False
G:\My Drive\Document\S2 MSIT\Deep Learning\Assigment 1\Skin Disease\skin_disease_cnn_assignment\data\raw\train\Benign keratosis\ISIC_0015044_downsampled.jpg,ISIC_0015044_downsampled.jpg,train,Benign keratosis,.jpg,228.11,dd44969150681707e23ba2efe8483110cbbc3ab78db2ca59597064b7b00774c1,1024,683,3,RGB,False
G:\My Drive\Document\S2 MSIT\Deep Learning\Assigment 1\Skin Disease\skin_disease_cnn_assignment\data\raw\train\Benign keratosis\ISIC_0015062_downsampled.jpg,ISIC_0015062_downsampled.jpg,train,Benign keratosis,.jpg,327.05,c70a5145a3a18630cb2361c6b9c71b881d53b79f541058a3b97d788862aa9ebc,1024,679,3,RGB,False
G:\My Drive\Document\S2 MSIT\Deep Learning\Assigment 1\Skin Disease\skin_disease_cnn_assignment\data\raw\train\Benign keratosis\ISIC_0015112_downsampled.jpg,ISIC_0015112_downsampled.jpg,train,Benign keratosis,.jpg,266.75,2d89b52eb9aa90bb7318ec03354a8c4224c64689ffa846fb1b217f7043d9d989,1024,682,3,RGB,False
G:\My Drive\Document\S2 MSIT\Deep Learning\Assigment 1\Skin Disease\skin_disease_cnn_assignment\data\raw\train\Benign keratosis\ISIC_0015113_downsampled.jpg,ISIC_0015113_downsampled.jpg,train,Benign keratosis,.jpg,269.04,2f23693be601211573b74cdfc957b8deb7ba381d35bbbcaeccffe24712df0155,1024,680,3,RGB,False
G:\My Drive\Document\S2 MSIT\Deep Learning\Assigment 1\Skin Disease\skin_disease_cnn_assignment\data\raw\train\Dermatofibroma\ISIC_0024318.jpg,ISIC_0024318.jpg,train,Dermatofibroma,.jpg,291.1,5385558c6c44a27dca3f12f33a7d982d577b07631ab0dfbe642f6f829cdfdf3b,600,450,3,RGB,False
G:\My Drive\Document\S2 MSIT\Deep Learning\Assigment 1\Skin Disease\skin_disease_cnn_assignment\data\raw\train\Dermatofibroma\ISIC_0024386.jpg,ISIC_0024386.jpg,train,Dermatofibroma,.jpg,346.21,04624578d5f7c62a7108c694b1ce9cc6771bd164d2a6c5f1563faff8fd6ae243,600,450,3,RGB,False
G:\My Drive\Document\S2 MSIT\Deep Learning\Assigment 1\Skin Disease\skin_disease_cnn_assignment\data\raw\train\Dermatofibroma\ISIC_0024396.jpg,ISIC_0024396.jpg,train,Dermatofibroma,.jpg,294.09,09bebae9065e9481cd72baa1bd1c0a8b77e86805ceffded6169255c4c1428c91,600,450,3,RGB,False
G:\My Drive\Document\S2 MSIT\Deep Learning\Assigment 1\Skin Disease\skin_disease_cnn_assignment\data\raw\train\Dermatofibroma\ISIC_0024553.jpg,ISIC_0024553.jpg,train,Dermatofibroma,.jpg,363.44,5966d3a6021d8022e157a251c2782d0400a3d8d8c19e46bdf9b0e3bbdde41571,600,450,3,RGB,False
G:\My Drive\Document\S2 MSIT\Deep Learning\Assigment 1\Skin Disease\skin_disease_cnn_assignment\data\raw\train\Dermatofibroma\ISIC_0024845.jpg,ISIC_0024845.jpg,train,Dermatofibroma,.jpg,241.26,9fea7c101eae9dd87a65c84bc98ef3731e46852c97e9a6690cdcd4d2bbe802f6,600,450,3,RGB,False
G:\My Drive\Document\S2 MSIT\Deep Learning\Assigment 1\Skin Disease\skin_disease_cnn_assignment\data\raw\train\Dermatofibroma\ISIC_0025223.jpg,ISIC_0025223.jpg,train,Dermatofibroma,.jpg,323.02,b47774d0c69ea0f0375619e26b0526295a82ed4298b9cc2cdf82d99c19e2f8f0,600,450,3,RGB,False
G:\My Drive\Document\S2 MSIT\Deep Learning\Assigment 1\Skin Disease\skin_disease_cnn_assignment\data\raw\train\Dermatofibroma\ISIC_0025302.jpg,ISIC_0025302.jpg,train,Dermatofibroma,.jpg,211.94,acc762a909affb5dd26f1eedcc6f673fdfd8ac58b2a98f1e5c3722a76bf661cd,600,450,3,RGB,False
G:\My Drive\Document\S2 MSIT\Deep Learning\Assigment 1\Skin Disease\skin_disease_cnn_assignment\data\raw\train\Dermatofibroma\ISIC_0025314.jpg,ISIC_0025314.jpg,train,Dermatofibroma,.jpg,335.23,538e9122277c6691e5b50c1713642cdfc49a2ae75007fa3d6747fb25169a3b46,600,450,3,RGB,False
G:\My Drive\Document\S2 MSIT\Deep Learning\Assigment 1\Skin Disease\skin_disease_cnn_assignment\data\raw\train\Dermatofibroma\ISIC_0025373.jpg,ISIC_0025373.jpg,train,Dermatofibroma,.jpg,238.85,9402eb50af66b0a0debe2944e82057faf535505ded0784ec1899995643256332,600,450,3,RGB,False
G:\My Drive\Document\S2 MSIT\Deep Learning\Assigment 1\Skin Disease\skin_disease_cnn_assignment\data\raw\train\Dermatofibroma\ISIC_0025504.jpg,ISIC_0025504.jpg,train,Dermatofibroma,.jpg,175.25,bfdeb618193f7be27d78ec060bb807dd0ab61555ce8e1a123f8743f8ac53b2e0,600,450,3,RGB,False
G:\My Drive\Document\S2 MSIT\Deep Learning\Assigment 1\Skin Disease\skin_disease_cnn_assignment\data\raw\train\Dermatofibroma\ISIC_0025594.jpg,ISIC_0025594.jpg,train,Dermatofibroma,.jpg,356.02,1e005f4251ecb20b5397ebb806a0290d6b2ec7a42dbeb9a577df37714191389e,600,450,3,RGB,False
G:\My Drive\Document\S2 MSIT\Deep Learning\Assigment 1\Skin Disease\skin_disease_cnn_assignment\data\raw\train\Dermatofibroma\ISIC_0025622.jpg,ISIC_0025622.jpg,train,Dermatofibroma,.jpg,325.18,b08a87f0f99dbca28568b4db108427575d5b1f5d413b07df5c45f36d6a9a6e00,600,450,3,RGB,False
G:\My Drive\Document\S2 MSIT\Deep Learning\Assigment 1\Skin Disease\skin_disease_cnn_assignment\data\raw\train\Dermatofibroma\ISIC_0025668.jpg,ISIC_0025668.jpg,train,Dermatofibroma,.jpg,293.44,dcd9927ef8949a96a4967ff5d16f5afc23097533087a250ad35ad6bccdcfd775,600,450,3,RGB,False
G:\My Drive\Document\S2 MSIT\Deep Learning\Assigment 1\Skin Disease\skin_disease_cnn_assignment\data\raw\train\Dermatofibroma\ISIC_0025771.jpg,ISIC_0025771.jpg,train,Dermatofibroma,.jpg,260.59,eb99f25c95c8c39aaa0a83080970ff04f382c286b2e4ae867a788947e890f62d,600,450,3,RGB,False
G:\My Drive\Document\S2 MSIT\Deep Learning\Assigment 1\Skin Disease\skin_disease_cnn_assignment\data\raw\train\Dermatofibroma\ISIC_0025903.jpg,ISIC_0025903.jpg,train,Dermatofibroma,.jpg,340.78,976e8defe4159ecf636570342b4a5ec680b5afbc5ac4ecde1e4e6f8804fd454d,600,450,3,RGB,False
G:\My Drive\Document\S2 MSIT\Deep Learning\Assigment 1\Skin Disease\skin_disease_cnn_assignment\data\raw\train\Dermatofibroma\ISIC_0025911.jpg,ISIC_0025911.jpg,train,Dermatofibroma,.jpg,341.63,db75f5ca1f8b7a45b6d9bd950d807e8d305373de5afe2873564b7ba4bd3064a0,600,450,3,RGB,False
G:\My Drive\Document\S2 MSIT\Deep Learning\Assigment 1\Skin Disease\skin_disease_cnn_assignment\data\raw\train\Dermatofibroma\ISIC_0025954.jpg,ISIC_0025954.jpg,train,Dermatofibroma,.jpg,227.18,26268cd1eb4ce0a9226ccb57cdefa9a9f0dd062cb3010e72c04f22677d6ffa87,600,450,3,RGB,False
G:\My Drive\Document\S2 MSIT\Deep Learning\Assigment 1\Skin Disease\skin_disease_cnn_assignment\data\raw\train\Dermatofibroma\ISIC_0025980.jpg,ISIC_0025980.jpg,train,Dermatofibroma,.jpg,346.41,9d3bc521e1763f92178bc2594e6b31b4e6b404c74ad8b20b6185578bf043a54e,600,450,3,RGB,False
G:\My Drive\Document\S2 MSIT\Deep Learning\Assigment 1\Skin Disease\skin_disease_cnn_assignment\data\raw\train\Dermatofibroma\ISIC_0026417.jpg,ISIC_0026417.jpg,train,Dermatofibroma,.jpg,290.67,cff594381a4f505b64adace16bb081fd0539e3195fa4604f72c0f648e58d4008,600,450,3,RGB,False
G:\My Drive\Document\S2 MSIT\Deep Learning\Assigment 1\Skin Disease\skin_disease_cnn_assignment\data\raw\train\Dermatofibroma\ISIC_0026471.jpg,ISIC_0026471.jpg,train,Dermatofibroma,.jpg,370.29,6ad550952de73851c2af3b888efaf70ad270815782820dad592c29cce0e01fcc,600,450,3,RGB,False
G:\My Drive\Document\S2 MSIT\Deep Learning\Assigment 1\Skin Disease\skin_disease_cnn_assignment\data\raw\train\Dermatofibroma\ISIC_0026629.jpg,ISIC_0026629.jpg,train,Dermatofibroma,.jpg,319.83,28f834c8415deacf023c047a98b0538497134f34f785ce1aa4f2c014b1bd2354,600,450,3,RGB,False
G:\My Drive\Document\S2 MSIT\Deep Learning\Assigment 1\Skin Disease\skin_disease_cnn_assignment\data\raw\train\Dermatofibroma\ISIC_0027008.jpg,ISIC_0027008.jpg,train,Dermatofibroma,.jpg,304.7,9c1d65a55536d129a84219bd7f1bf46049008928e8eb0ede73d96c8f7fc8356c,600,450,3,RGB,False
G:\My Drive\Document\S2 MSIT\Deep Learning\Assigment 1\Skin Disease\skin_disease_cnn_assignment\data\raw\train\Dermatofibroma\ISIC_0027044.jpg,ISIC_0027044.jpg,train,Dermatofibroma,.jpg,330.08,914f7a3f7065228958d9b941e1f5fa885321601428d5b114a8e1e87b83e55add,600,450,3,RGB,False
G:\My Drive\Document\S2 MSIT\Deep Learning\Assigment 1\Skin Disease\skin_disease_cnn_assignment\data\raw\train\Dermatofibroma\ISIC_0027107.jpg,ISIC_0027107.jpg,train,Dermatofibroma,.jpg,287.44,2756b6ded5e75b3f61f343a3c5c2dbc61d1dfe657e2b3f8ddd5ab8b27343c456,600,450,3,RGB,False
G:\My Drive\Document\S2 MSIT\Deep Learning\Assigment 1\Skin Disease\skin_disease_cnn_assignment\data\raw\train\Dermatofibroma\ISIC_0027118.jpg,ISIC_0027118.jpg,train,Dermatofibroma,.jpg,278.85,24c212e8b25988eb4e6c8b28f04dea4d6e89069eda9597bd9abf17ccb0f1f0ad,600,450,3,RGB,False
G:\My Drive\Document\S2 MSIT\Deep Learning\Assigment 1\Skin Disease\skin_disease_cnn_assignment\data\raw\train\Dermatofibroma\ISIC_0027141.jpg,ISIC_0027141.jpg,train,Dermatofibroma,.jpg,311.17,dddfb91809a3eb34d334d57b09ab7fd46681d18f6ad9c3db736a0e7de8670549,600,450,3,RGB,False
G:\My Drive\Document\S2 MSIT\Deep Learning\Assigment 1\Skin Disease\skin_disease_cnn_assignment\data\raw\train\Dermatofibroma\ISIC_0027188.jpg,ISIC_0027188.jpg,train,Dermatofibroma,.jpg,242.18,84fc3538487b0b9e212a81d0a4be9aafeac85c63934caf212b375f42b97413b0,600,450,3,RGB,False
G:\My Drive\Document\S2 MSIT\Deep Learning\Assigment 1\Skin Disease\skin_disease_cnn_assignment\data\raw\train\Dermatofibroma\ISIC_0027488.jpg,ISIC_0027488.jpg,train,Dermatofibroma,.jpg,311.76,ce00e27988d449cb5a692ab51d7bcb1f3699b5f9420b944b109b43fb5541b827,600,450,3,RGB,False
G:\My Drive\Document\S2 MSIT\Deep Learning\Assigment 1\Skin Disease\skin_disease_cnn_assignment\data\raw\train\Dermatofibroma\ISIC_0027598.jpg,ISIC_0027598.jpg,train,Dermatofibroma,.jpg,311.32,51f36c99d51a12d17a5068f1365a73563d546d045c2360bfea5836626dd5cf0c,600,450,3,RGB,False
G:\My Drive\Document\S2 MSIT\Deep Learning\Assigment 1\Skin Disease\skin_disease_cnn_assignment\data\raw\train\Dermatofibroma\ISIC_0027613.jpg,ISIC_0027613.jpg,train,Dermatofibroma,.jpg,287.64,5edbaeec2dd1aa75980817b30e521d46e2fdd6ada98fe3e6ca45d0ae238f20c5,600,450,3,RGB,False
G:\My Drive\Document\S2 MSIT\Deep Learning\Assigment 1\Skin Disease\skin_disease_cnn_assignment\data\raw\train\Dermatofibroma\ISIC_0027727.jpg,ISIC_0027727.jpg,train,Dermatofibroma,.jpg,166.77,ba8783a32c1a3e3d2aaba32516b0175cd3e22f74b4ccf6151b3a3745a7a7ff11,600,450,3,RGB,False
G:\My Drive\Document\S2 MSIT\Deep Learning\Assigment 1\Skin Disease\skin_disease_cnn_assignment\data\raw\train\Dermatofibroma\ISIC_0027745.jpg,ISIC_0027745.jpg,train,Dermatofibroma,.jpg,325.76,07e46f3411411e0e2f8108d5df9da90421b390d296877ca62755cc33c120c8cf,600,450,3,RGB,False
G:\My Drive\Document\S2 MSIT\Deep Learning\Assigment 1\Skin Disease\skin_disease_cnn_assignment\data\raw\train\Dermatofibroma\ISIC_0027876.jpg,ISIC_0027876.jpg,train,Dermatofibroma,.jpg,202.43,26e3d67a257bc9431c4edaf93f60d8ce73ff269621e47369ee1ee60b4a62eb85,600,450,3,RGB,False
G:\My Drive\Document\S2 MSIT\Deep Learning\Assigment 1\Skin Disease\skin_disease_cnn_assignment\data\raw\train\Dermatofibroma\ISIC_0028346.jpg,ISIC_0028346.jpg,train,Dermatofibroma,.jpg,215.72,edc69319a09a7b78ac3a0bb326ee6082307d6de4f08dbd6762bd2c77b8f7fb9b,600,450,3,RGB,False
G:\My Drive\Document\S2 MSIT\Deep Learning\Assigment 1\Skin Disease\skin_disease_cnn_assignment\data\raw\train\Dermatofibroma\ISIC_0028651.jpg,ISIC_0028651.jpg,train,Dermatofibroma,.jpg,326.93,84caecae97f029bdcb4720c5b067e962b35d96521e22eaa7d19974d2b5d65a4f,600,450,3,RGB,False
G:\My Drive\Document\S2 MSIT\Deep Learning\Assigment 1\Skin Disease\skin_disease_cnn_assignment\data\raw\train\Dermatofibroma\ISIC_0028735.jpg,ISIC_0028735.jpg,train,Dermatofibroma,.jpg,292.36,5da73226055f97971979d82211508700ae04a7b8ee5a579149d3ea3a96c13d68,600,450,3,RGB,False
G:\My Drive\Document\S2 MSIT\Deep Learning\Assigment 1\Skin Disease\skin_disease_cnn_assignment\data\raw\train\Dermatofibroma\ISIC_0028790.jpg,ISIC_0028790.jpg,train,Dermatofibroma,.jpg,297.34,ccbabce69a4205d9a22cde297da23c23085ce048996740ca499b299710232d92,600,450,3,RGB,False
G:\My Drive\Document\S2 MSIT\Deep Learning\Assigment 1\Skin Disease\skin_disease_cnn_assignment\data\raw\train\Dermatofibroma\ISIC_0028880.jpg,ISIC_0028880.jpg,train,Dermatofibroma,.jpg,312.37,fe445a014538bc2f628823f819955f83f6c707fb1dd2a905855d2e158edeb69c,600,450,3,RGB,False
G:\My Drive\Document\S2 MSIT\Deep Learning\Assigment 1\Skin Disease\skin_disease_cnn_assignment\data\raw\train\Dermatofibroma\ISIC_0028926.jpg,ISIC_0028926.jpg,train,Dermatofibroma,.jpg,232.02,4077552f9df27c1a8cc500cb113a6ccf52fca48ba44cc59e8e794d992adc4f53,600,450,3,RGB,False
G:\My Drive\Document\S2 MSIT\Deep Learning\Assigment 1\Skin Disease\skin_disease_cnn_assignment\data\raw\train\Dermatofibroma\ISIC_0029052.jpg,ISIC_0029052.jpg,train,Dermatofibroma,.jpg,313.92,35c5a88cea2937d1510f9a340dc5caa570ffc2139923c055cf1b0a4976231d0b,600,450,3,RGB,False
G:\My Drive\Document\S2 MSIT\Deep Learning\Assigment 1\Skin Disease\skin_disease_cnn_assignment\data\raw\train\Dermatofibroma\ISIC_0029130.jpg,ISIC_0029130.jpg,train,Dermatofibroma,.jpg,316.18,d6165ba17c9839e3286939a1dd5f19735c5c11722fd5b218965d3f32fc4ed6e0,600,450,3,RGB,False
G:\My Drive\Document\S2 MSIT\Deep Learning\Assigment 1\Skin Disease\skin_disease_cnn_assignment\data\raw\train\Dermatofibroma\ISIC_0029177.jpg,ISIC_0029177.jpg,train,Dermatofibroma,.jpg,324.23,d40e71556a434b0219182aa79dcc5d7f4dead88820a0f2a33e2aa01110cc7035,600,450,3,RGB,False
G:\My Drive\Document\S2 MSIT\Deep Learning\Assigment 1\Skin Disease\skin_disease_cnn_assignment\data\raw\train\Dermatofibroma\ISIC_0029248.jpg,ISIC_0029248.jpg,train,Dermatofibroma,.jpg,286.76,b2b6db34e00d75394368837d5af00ba28022e4d5a47f352c5b76e7cc25bb516c,600,450,3,RGB,False
G:\My Drive\Document\S2 MSIT\Deep Learning\Assigment 1\Skin Disease\skin_disease_cnn_assignment\data\raw\train\Dermatofibroma\ISIC_0029783.jpg,ISIC_0029783.jpg,train,Dermatofibroma,.jpg,212.0,ab2969e2cd6d53c1e5bc7d15f34a470bada5de2cb14774117a15b948583397ec,600,450,3,RGB,False
G:\My Drive\Document\S2 MSIT\Deep Learning\Assigment 1\Skin Disease\skin_disease_cnn_assignment\data\raw\train\Dermatofibroma\ISIC_0029891.jpg,ISIC_0029891.jpg,train,Dermatofibroma,.jpg,240.14,3bee381fe572ba2f0c2c3c6e350df0f9efa19d0df789851c0ecba14751fbc17b,600,450,3,RGB,False
G:\My Drive\Document\S2 MSIT\Deep Learning\Assigment 1\Skin Disease\skin_disease_cnn_assignment\data\raw\train\Dermatofibroma\ISIC_0029962.jpg,ISIC_0029962.jpg,train,Dermatofibroma,.jpg,224.83,32d7902c3c2c52ff9fd660da19e08ea6a7d57cdbfbb33512db6d93fbbcb22b1f,600,450,3,RGB,False
G:\My Drive\Document\S2 MSIT\Deep Learning\Assigment 1\Skin Disease\skin_disease_cnn_assignment\data\raw\train\Dermatofibroma\ISIC_0029973.jpg,ISIC_0029973.jpg,train,Dermatofibroma,.jpg,314.91,ca345673cb2b277fef79bb80018059f10b04f68cc0f01d32f7d417acc59d4601,600,450,3,RGB,False
G:\My Drive\Document\S2 MSIT\Deep Learning\Assigment 1\Skin Disease\skin_disease_cnn_assignment\data\raw\train\Dermatofibroma\ISIC_0030011.jpg,ISIC_0030011.jpg,train,Dermatofibroma,.jpg,317.86,dfd99585186cd821679b9b39de5bd44788e225249b279ffdcb2db6fbae7693fe,600,450,3,RGB,False
G:\My Drive\Document\S2 MSIT\Deep Learning\Assigment 1\Skin Disease\skin_disease_cnn_assignment\data\raw\train\Dermatofibroma\ISIC_0030015.jpg,ISIC_0030015.jpg,train,Dermatofibroma,.jpg,233.52,0d5d8d4f43434bfbd6df2fa22a36e79329152de4db0b1ad78261ffeea9378867,600,450,3,RGB,False
G:\My Drive\Document\S2 MSIT\Deep Learning\Assigment 1\Skin Disease\skin_disease_cnn_assignment\data\raw\train\Dermatofibroma\ISIC_0030021.jpg,ISIC_0030021.jpg,train,Dermatofibroma,.jpg,256.92,da6713ac09a168b58f1879ba780629868fa14b1476dee63d2ee2aa908aceffc6,600,450,3,RGB,False
G:\My Drive\Document\S2 MSIT\Deep Learning\Assigment 1\Skin Disease\skin_disease_cnn_assignment\data\raw\train\Dermatofibroma\ISIC_0030244.jpg,ISIC_0030244.jpg,train,Dermatofibroma,.jpg,249.82,be717e903896c7728b1636a6a7dbd8a0711de3a8ca7d347afcfcc11d7d7ef19d,600,450,3,RGB,False
G:\My Drive\Document\S2 MSIT\Deep Learning\Assigment 1\Skin Disease\skin_disease_cnn_assignment\data\raw\train\Dermatofibroma\ISIC_0030321.jpg,ISIC_0030321.jpg,train,Dermatofibroma,.jpg,134.27,0abc879322e6c33b39a116df5352790b59921e3f24893dd38bd69d028b4bd553,600,450,3,RGB,False
G:\My Drive\Document\S2 MSIT\Deep Learning\Assigment 1\Skin Disease\skin_disease_cnn_assignment\data\raw\train\Dermatofibroma\ISIC_0030579.jpg,ISIC_0030579.jpg,train,Dermatofibroma,.jpg,248.95,9380bfb62f0c40b45afb0847c709eb6b7c4cc9a84842c3ef36557b27f3566ace,600,450,3,RGB,False
G:\My Drive\Document\S2 MSIT\Deep Learning\Assigment 1\Skin Disease\skin_disease_cnn_assignment\data\raw\train\Dermatofibroma\ISIC_0030665.jpg,ISIC_0030665.jpg,train,Dermatofibroma,.jpg,331.75,0ea82afaed453a4fb4a3027ee0b11870d9ac55155a6598cdda671b07675e98a1,600,450,3,RGB,False
G:\My Drive\Document\S2 MSIT\Deep Learning\Assigment 1\Skin Disease\skin_disease_cnn_assignment\data\raw\train\Dermatofibroma\ISIC_0030757.jpg,ISIC_0030757.jpg,train,Dermatofibroma,.jpg,250.56,4a6351f52527f57e591c963cb49d79b28df6d5d2473b3d8678942532f9c30acb,600,450,3,RGB,False
G:\My Drive\Document\S2 MSIT\Deep Learning\Assigment 1\Skin Disease\skin_disease_cnn_assignment\data\raw\train\Dermatofibroma\ISIC_0030830.jpg,ISIC_0030830.jpg,train,Dermatofibroma,.jpg,361.39,294ed7ac8de4d40793f17058aac185419a27a3d425d1544a78e823c7eae5b523,600,450,3,RGB,False
G:\My Drive\Document\S2 MSIT\Deep Learning\Assigment 1\Skin Disease\skin_disease_cnn_assignment\data\raw\train\Dermatofibroma\ISIC_0030870.jpg,ISIC_0030870.jpg,train,Dermatofibroma,.jpg,340.81,f02926583c9c42e441bddbcc3a7b4ea893924a48e9804ccddb6f6be1a3f6a116,600,450,3,RGB,False
G:\My Drive\Document\S2 MSIT\Deep Learning\Assigment 1\Skin Disease\skin_disease_cnn_assignment\data\raw\train\Dermatofibroma\ISIC_0031002.jpg,ISIC_0031002.jpg,train,Dermatofibroma,.jpg,308.94,fcb7ed08569dc2eafb53ff72cfaf6280d24cc8f96dbe87d736ef7c6116b1f79b,600,450,3,RGB,False
G:\My Drive\Document\S2 MSIT\Deep Learning\Assigment 1\Skin Disease\skin_disease_cnn_assignment\data\raw\train\Dermatofibroma\ISIC_0031123.jpg,ISIC_0031123.jpg,train,Dermatofibroma,.jpg,300.78,31f076bab72436d633cf41ee159d9a57c1a1664684bd6612e06ea1e2bedd6688,600,450,3,RGB,False
G:\My Drive\Document\S2 MSIT\Deep Learning\Assigment 1\Skin Disease\skin_disease_cnn_assignment\data\raw\train\Dermatofibroma\ISIC_0031257.jpg,ISIC_0031257.jpg,train,Dermatofibroma,.jpg,358.58,a9a5a429aaf14a9344b0de8a6bc2ec6d16810708415f537b97a6aa2ff6ecf932,600,450,3,RGB,False
G:\My Drive\Document\S2 MSIT\Deep Learning\Assigment 1\Skin Disease\skin_disease_cnn_assignment\data\raw\train\Dermatofibroma\ISIC_0031271.jpg,ISIC_0031271.jpg,train,Dermatofibroma,.jpg,341.74,5eda0ad617b16c70549924ebfe94dc2c517a1bd26ee6f7c9f28e24e2d5773d63,600,450,3,RGB,False
G:\My Drive\Document\S2 MSIT\Deep Learning\Assigment 1\Skin Disease\skin_disease_cnn_assignment\data\raw\train\Dermatofibroma\ISIC_0031309.jpg,ISIC_0031309.jpg,train,Dermatofibroma,.jpg,295.14,d6f12ecc9fd4ba7a291c334b7b1ada05774dce2196e1cea4d52e15409fd71982,600,450,3,RGB,False
G:\My Drive\Document\S2 MSIT\Deep Learning\Assigment 1\Skin Disease\skin_disease_cnn_assignment\data\raw\train\Dermatofibroma\ISIC_0031344.jpg,ISIC_0031344.jpg,train,Dermatofibroma,.jpg,217.31,a6476e8a0eaa3f6ee37100e524017bdbf72367a2be193c1ce53588032dbe8825,600,450,3,RGB,False
G:\My Drive\Document\S2 MSIT\Deep Learning\Assigment 1\Skin Disease\skin_disease_cnn_assignment\data\raw\train\Dermatofibroma\ISIC_0031358.jpg,ISIC_0031358.jpg,train,Dermatofibroma,.jpg,256.29,36dea32a1a05b25e426bc148bbcd21c94cbc4680149601098719485f3485e09a,600,450,3,RGB,False
G:\My Drive\Document\S2 MSIT\Deep Learning\Assigment 1\Skin Disease\skin_disease_cnn_assignment\data\raw\train\Dermatofibroma\ISIC_0031372.jpg,ISIC_0031372.jpg,train,Dermatofibroma,.jpg,323.79,de306d22bb04773a9e0a0705a3a831d95765b00944ac72abb8b4b06f4e73f01a,600,450,3,RGB,False
G:\My Drive\Document\S2 MSIT\Deep Learning\Assigment 1\Skin Disease\skin_disease_cnn_assignment\data\raw\train\Dermatofibroma\ISIC_0031429.jpg,ISIC_0031429.jpg,train,Dermatofibroma,.jpg,247.37,5c81e68ca06f3c32ed04887b4b398ae251f639172e4f57aba4a7834ea43cf6ef,600,450,3,RGB,False
G:\My Drive\Document\S2 MSIT\Deep Learning\Assigment 1\Skin Disease\skin_disease_cnn_assignment\data\raw\train\Dermatofibroma\ISIC_0031735.jpg,ISIC_0031735.jpg,train,Dermatofibroma,.jpg,267.83,b7c39e0fa8838878cad142b29af2ad36cd295ad6378f5591ef2cbc1fc352becd,600,450,3,RGB,False
G:\My Drive\Document\S2 MSIT\Deep Learning\Assigment 1\Skin Disease\skin_disease_cnn_assignment\data\raw\train\Dermatofibroma\ISIC_0031799.jpg,ISIC_0031799.jpg,train,Dermatofibroma,.jpg,326.96,b3943dae0c371010c27ae943e7a39e36abd0d32f41bea9c74ba31e50b1183cc6,600,450,3,RGB,False
G:\My Drive\Document\S2 MSIT\Deep Learning\Assigment 1\Skin Disease\skin_disease_cnn_assignment\data\raw\train\Dermatofibroma\ISIC_0031827.jpg,ISIC_0031827.jpg,train,Dermatofibroma,.jpg,238.9,96cb7277b1c0bb8f6096a9ed6f90908dd223ddefe255b4ce9fd6714ca0d66c04,600,450,3,RGB,False
G:\My Drive\Document\S2 MSIT\Deep Learning\Assigment 1\Skin Disease\skin_disease_cnn_assignment\data\raw\train\Dermatofibroma\ISIC_0032114.jpg,ISIC_0032114.jpg,train,Dermatofibroma,.jpg,288.91,03f8e303b3def7b93d5f1d2d3b89f930a0992ae31fc91b1b9e4f9310774f1366,600,450,3,RGB,False
G:\My Drive\Document\S2 MSIT\Deep Learning\Assigment 1\Skin Disease\skin_disease_cnn_assignment\data\raw\train\Dermatofibroma\ISIC_0032138.jpg,ISIC_0032138.jpg,train,Dermatofibroma,.jpg,231.89,c5b793ef2dab221183c3aa4382d68067c8755d52069f9547758bddb7c7b98141,600,450,3,RGB,False
G:\My Drive\Document\S2 MSIT\Deep Learning\Assigment 1\Skin Disease\skin_disease_cnn_assignment\data\raw\train\Dermatofibroma\ISIC_0032247.jpg,ISIC_0032247.jpg,train,Dermatofibroma,.jpg,235.72,6722ddb3e79c20e9a1970562403ec12a83771d8a343a0563781d97d739daf7e6,600,450,3,RGB,False
G:\My Drive\Document\S2 MSIT\Deep Learning\Assigment 1\Skin Disease\skin_disease_cnn_assignment\data\raw\train\Dermatofibroma\ISIC_0032410.jpg,ISIC_0032410.jpg,train,Dermatofibroma,.jpg,338.18,322e3a41662bbfb0f112de218d3fe9064be40f1afa6177d5315b0780907afade,600,450,3,RGB,False
G:\My Drive\Document\S2 MSIT\Deep Learning\Assigment 1\Skin Disease\skin_disease_cnn_assignment\data\raw\train\Dermatofibroma\ISIC_0032468.jpg,ISIC_0032468.jpg,train,Dermatofibroma,.jpg,286.39,9fca2d5036ce83ba06b88be551f716f4857d846a82800d821c4fbab0d956004b,600,450,3,RGB,False
G:\My Drive\Document\S2 MSIT\Deep Learning\Assigment 1\Skin Disease\skin_disease_cnn_assignment\data\raw\train\Dermatofibroma\ISIC_0032613.jpg,ISIC_0032613.jpg,train,Dermatofibroma,.jpg,324.2,21a29771e49336915dad215d672d6999225f491fa0838db36d95f517e3d3a1c1,600,450,3,RGB,False
G:\My Drive\Document\S2 MSIT\Deep Learning\Assigment 1\Skin Disease\skin_disease_cnn_assignment\data\raw\train\Dermatofibroma\ISIC_0032941.jpg,ISIC_0032941.jpg,train,Dermatofibroma,.jpg,275.34,7dcd5e38eb81dcb0d5e5a192c39968a89f33ff969d7d5e6534f5eff7694b6a74,600,450,3,RGB,False
G:\My Drive\Document\S2 MSIT\Deep Learning\Assigment 1\Skin Disease\skin_disease_cnn_assignment\data\raw\train\Dermatofibroma\ISIC_0033005.jpg,ISIC_0033005.jpg,train,Dermatofibroma,.jpg,336.96,e117c0fd7f2d64092774eab7e0673807710eca7985f213a577366e18bfdf914c,600,450,3,RGB,False
G:\My Drive\Document\S2 MSIT\Deep Learning\Assigment 1\Skin Disease\skin_disease_cnn_assignment\data\raw\train\Dermatofibroma\ISIC_0033256.jpg,ISIC_0033256.jpg,train,Dermatofibroma,.jpg,316.72,baeec9f1e4e90004aceaa09e2aef12d8990141fc83ed0f5864640fcbdc87b860,600,450,3,RGB,False
G:\My Drive\Document\S2 MSIT\Deep Learning\Assigment 1\Skin Disease\skin_disease_cnn_assignment\data\raw\train\Dermatofibroma\ISIC_0033422.jpg,ISIC_0033422.jpg,train,Dermatofibroma,.jpg,328.01,1c8837d1d60b738dc86e45cd641d41988eeb61cb738ef127c790afbba243132b,600,450,3,RGB,False
G:\My Drive\Document\S2 MSIT\Deep Learning\Assigment 1\Skin Disease\skin_disease_cnn_assignment\data\raw\train\Dermatofibroma\ISIC_0033554.jpg,ISIC_0033554.jpg,train,Dermatofibroma,.jpg,265.08,2a6f555c1578a06c566a545dc5ad4fb9afde1d8f2ae7bc317e88acede7920fd2,600,450,3,RGB,False
G:\My Drive\Document\S2 MSIT\Deep Learning\Assigment 1\Skin Disease\skin_disease_cnn_assignment\data\raw\train\Melanocytic nevus\ISIC_0000000.jpg,ISIC_0000000.jpg,train,Melanocytic nevus,.jpg,48.79,153b10f7b8b82bf80badbfdf73a544312637a1950e2dad97822a69b739b6aa1e,1022,767,3,RGB,False
G:\My Drive\Document\S2 MSIT\Deep Learning\Assigment 1\Skin Disease\skin_disease_cnn_assignment\data\raw\train\Melanocytic nevus\ISIC_0000003.jpg,ISIC_0000003.jpg,train,Melanocytic nevus,.jpg,44.7,e3092bd47d1955c117a18acb1e236222cae99acfbd393d0c7f07b4e6b8978857,1022,767,3,RGB,False
G:\My Drive\Document\S2 MSIT\Deep Learning\Assigment 1\Skin Disease\skin_disease_cnn_assignment\data\raw\train\Melanocytic nevus\ISIC_0000006.jpg,ISIC_0000006.jpg,train,Melanocytic nevus,.jpg,57.2,755896e5f1593d8b705f3c54c9b2632c7ba894eb89c36281f809564fc31d3d85,1022,767,3,RGB,False
G:\My Drive\Document\S2 MSIT\Deep Learning\Assigment 1\Skin Disease\skin_disease_cnn_assignment\data\raw\train\Melanocytic nevus\ISIC_0000007.jpg,ISIC_0000007.jpg,train,Melanocytic nevus,.jpg,52.91,2d3fe1d91afb6dcf7f21893ec8bfaf42b8ed885026bf88afe7ffe7e42b24c8a6,1022,767,3,RGB,False
G:\My Drive\Document\S2 MSIT\Deep Learning\Assigment 1\Skin Disease\skin_disease_cnn_assignment\data\raw\train\Melanocytic nevus\ISIC_0000008.jpg,ISIC_0000008.jpg,train,Melanocytic nevus,.jpg,41.98,ea32fb2afa394ecb3befa3cc435c855450f1ec017cc87b9a9a72f97c6a6c4f01,1022,767,3,RGB,False
G:\My Drive\Document\S2 MSIT\Deep Learning\Assigment 1\Skin Disease\skin_disease_cnn_assignment\data\raw\train\Melanocytic nevus\ISIC_0000009.jpg,ISIC_0000009.jpg,train,Melanocytic nevus,.jpg,47.66,015c14af831773d16b5f3ce87aa1ddbc6be7efd0d856bd2bac2c7a4fd3f5309a,1022,767,3,RGB,False
G:\My Drive\Document\S2 MSIT\Deep Learning\Assigment 1\Skin Disease\skin_disease_cnn_assignment\data\raw\train\Melanocytic nevus\ISIC_0000010.jpg,ISIC_0000010.jpg,train,Melanocytic nevus,.jpg,41.85,55dbef9891a8766e52b448397d3578a20cdc012f231bbdb2b46cac317ff74eaa,1022,767,3,RGB,False
G:\My Drive\Document\S2 MSIT\Deep Learning\Assigment 1\Skin Disease\skin_disease_cnn_assignment\data\raw\train\Melanocytic nevus\ISIC_0000011.jpg,ISIC_0000011.jpg,train,Melanocytic nevus,.jpg,40.78,89b4ad94bf50ed5d37e7cafab8fc98adcb302da85853c67672ebaca0fcb1d526,1022,767,3,RGB,False
G:\My Drive\Document\S2 MSIT\Deep Learning\Assigment 1\Skin Disease\skin_disease_cnn_assignment\data\raw\train\Melanocytic nevus\ISIC_0000012.jpg,ISIC_0000012.jpg,train,Melanocytic nevus,.jpg,56.21,d11ba6bb451af44619bd734848b3e6fa877707ad772b76d539890f7926c56da8,1022,767,3,RGB,False
G:\My Drive\Document\S2 MSIT\Deep Learning\Assigment 1\Skin Disease\skin_disease_cnn_assignment\data\raw\train\Melanocytic nevus\ISIC_0000014.jpg,ISIC_0000014.jpg,train,Melanocytic nevus,.jpg,39.36,cbcc87991c8d8521031d19f73b7d1fd79c9a99930da07ed3c33c1e78eff1c22b,1022,767,3,RGB,False
G:\My Drive\Document\S2 MSIT\Deep Learning\Assigment 1\Skin Disease\skin_disease_cnn_assignment\data\raw\train\Melanocytic nevus\ISIC_0000018_downsampled.jpg,ISIC_0000018_downsampled.jpg,train,Melanocytic nevus,.jpg,156.94,36ced0e1c33eb3eaf34c478f223cbc37d091458a06444d7caf07d4f01c7f551a,1024,768,3,RGB,False
G:\My Drive\Document\S2 MSIT\Deep Learning\Assigment 1\Skin Disease\skin_disease_cnn_assignment\data\raw\train\Melanocytic nevus\ISIC_0000021_downsampled.jpg,ISIC_0000021_downsampled.jpg,train,Melanocytic nevus,.jpg,216.4,aeb3e0ccf0f5eb11693fb12fd5c6f0f614ae662cd605290932d9b046cf269545,1024,768,3,RGB,False
G:\My Drive\Document\S2 MSIT\Deep Learning\Assigment 1\Skin Disease\skin_disease_cnn_assignment\data\raw\train\Melanocytic nevus\ISIC_0000023_downsampled.jpg,ISIC_0000023_downsampled.jpg,train,Melanocytic nevus,.jpg,155.46,1c6064cb9d2015e19f5a9f1f7504e24b883e24d5fcd1b49495be068f2d80d5f4,1024,768,3,RGB,False
G:\My Drive\Document\S2 MSIT\Deep Learning\Assigment 1\Skin Disease\skin_disease_cnn_assignment\data\raw\train\Melanocytic nevus\ISIC_0000024_downsampled.jpg,ISIC_0000024_downsampled.jpg,train,Melanocytic nevus,.jpg,159.33,8b6e2c73b7677a1d6fc35d94e87022a6938a950c500d3dba6cb057b4827bb74d,1024,768,3,RGB,False
G:\My Drive\Document\S2 MSIT\Deep Learning\Assigment 1\Skin Disease\skin_disease_cnn_assignment\data\raw\train\Melanocytic nevus\ISIC_0000027_downsampled.jpg,ISIC_0000027_downsampled.jpg,train,Melanocytic nevus,.jpg,158.23,78a27d8fae008cf74604b1460476763e1b80dfd558e9cfccc885373aafc8ed6d,1024,768,3,RGB,False
G:\My Drive\Document\S2 MSIT\Deep Learning\Assigment 1\Skin Disease\skin_disease_cnn_assignment\data\raw\train\Melanocytic nevus\ISIC_0000028_downsampled.jpg,ISIC_0000028_downsampled.jpg,train,Melanocytic nevus,.jpg,176.34,e6d581775a9994399c962663cde9a0f0d85eb9589dbce713ba2312d9d7ebe824,1024,768,3,RGB,False
G:\My Drive\Document\S2 MSIT\Deep Learning\Assigment 1\Skin Disease\skin_disease_cnn_assignment\data\raw\train\Melanocytic nevus\ISIC_0000037_downsampled.jpg,ISIC_0000037_downsampled.jpg,train,Melanocytic nevus,.jpg,181.38,27235df66b5b7037774d61be6f262303ab7c618928ecf3a62816861805ba485b,1024,768,3,RGB,False
G:\My Drive\Document\S2 MSIT\Deep Learning\Assigment 1\Skin Disease\skin_disease_cnn_assignment\data\raw\train\Melanocytic nevus\ISIC_0000039_downsampled.jpg,ISIC_0000039_downsampled.jpg,train,Melanocytic nevus,.jpg,184.14,8b7539efe25bbe74707ad0913e0a0b844c6f9bfe81415b4881ff4d30363487ed,1024,768,3,RGB,False
G:\My Drive\Document\S2 MSIT\Deep Learning\Assigment 1\Skin Disease\skin_disease_cnn_assignment\data\raw\train\Melanocytic nevus\ISIC_0000041_downsampled.jpg,ISIC_0000041_downsampled.jpg,train,Melanocytic nevus,.jpg,158.14,52280acf4f25f487753bfb5d4f5e91bcb1d7459a2fe4414e7b49741bd628a2d0,1024,768,3,RGB,False
G:\My Drive\Document\S2 MSIT\Deep Learning\Assigment 1\Skin Disease\skin_disease_cnn_assignment\data\raw\train\Melanocytic nevus\ISIC_0000042_downsampled.jpg,ISIC_0000042_downsampled.jpg,train,Melanocytic nevus,.jpg,210.11,caa5621b5ed950f62fb96104876fce16f3d617a1e5cc2f8facc0a6114409e61f,1024,768,3,RGB,False
G:\My Drive\Document\S2 MSIT\Deep Learning\Assigment 1\Skin Disease\skin_disease_cnn_assignment\data\raw\train\Melanocytic nevus\ISIC_0000044_downsampled.jpg,ISIC_0000044_downsampled.jpg,train,Melanocytic nevus,.jpg,211.77,c0a3cca7733a636dda7697fe4c34e7ba0b9a7ac8db6c2b16d89964b1ce0e291c,1024,768,3,RGB,False
G:\My Drive\Document\S2 MSIT\Deep Learning\Assigment 1\Skin Disease\skin_disease_cnn_assignment\data\raw\train\Melanocytic nevus\ISIC_0000047_downsampled.jpg,ISIC_0000047_downsampled.jpg,train,Melanocytic nevus,.jpg,142.62,07bd76df3472244f57fe6ef0e3977ad4a06d642c7f16b29f2c2fa6f4f5b1be87,1024,768,3,RGB,False
G:\My Drive\Document\S2 MSIT\Deep Learning\Assigment 1\Skin Disease\skin_disease_cnn_assignment\data\raw\train\Melanocytic nevus\ISIC_0000048_downsampled.jpg,ISIC_0000048_downsampled.jpg,train,Melanocytic nevus,.jpg,207.29,b823204d63a7ae56038707c190051556e9bde87cec8e2fcb65de896baddebe6d,1024,768,3,RGB,False
G:\My Drive\Document\S2 MSIT\Deep Learning\Assigment 1\Skin Disease\skin_disease_cnn_assignment\data\raw\train\Melanocytic nevus\ISIC_0000050_downsampled.jpg,ISIC_0000050_downsampled.jpg,train,Melanocytic nevus,.jpg,154.2,ef93f5b5a57e73fc77b91886a246eec0e8775888ca62224486688734b76a9146,1024,768,3,RGB,False
G:\My Drive\Document\S2 MSIT\Deep Learning\Assigment 1\Skin Disease\skin_disease_cnn_assignment\data\raw\train\Melanocytic nevus\ISIC_0000051_downsampled.jpg,ISIC_0000051_downsampled.jpg,train,Melanocytic nevus,.jpg,175.88,86be8a2f4685f586aa32e6279ffe9ebd076db115c74a816106584f02c4915cec,1024,768,3,RGB,False
G:\My Drive\Document\S2 MSIT\Deep Learning\Assigment 1\Skin Disease\skin_disease_cnn_assignment\data\raw\train\Melanocytic nevus\ISIC_0000052_downsampled.jpg,ISIC_0000052_downsampled.jpg,train,Melanocytic nevus,.jpg,187.46,b19659021b1ee4eef987e4859fcf9bfd2f9716f8361fa717ed7b5846bd4a9644,1024,768,3,RGB,False
G:\My Drive\Document\S2 MSIT\Deep Learning\Assigment 1\Skin Disease\skin_disease_cnn_assignment\data\raw\train\Melanocytic nevus\ISIC_0000053_downsampled.jpg,ISIC_0000053_downsampled.jpg,train,Melanocytic nevus,.jpg,184.81,cf870c1af9aef522493deb98a0aa00d85171caf296942edf508c4fe282b902bb,1024,768,3,RGB,False
G:\My Drive\Document\S2 MSIT\Deep Learning\Assigment 1\Skin Disease\skin_disease_cnn_assignment\data\raw\train\Melanocytic nevus\ISIC_0000055_downsampled.jpg,ISIC_0000055_downsampled.jpg,train,Melanocytic nevus,.jpg,150.27,3601afe48d193630a489ecf2500092ac9b0b902b63b4f3895e0f2e1e4499733c,1024,768,3,RGB,False
G:\My Drive\Document\S2 MSIT\Deep Learning\Assigment 1\Skin Disease\skin_disease_cnn_assignment\data\raw\train\Melanocytic nevus\ISIC_0000059_downsampled.jpg,ISIC_0000059_downsampled.jpg,train,Melanocytic nevus,.jpg,163.66,4a6be003a155c46c64de6707e32de1b50025c7cad5d79468bc3318cc59bfe42f,1024,768,3,RGB,False
G:\My Drive\Document\S2 MSIT\Deep Learning\Assigment 1\Skin Disease\skin_disease_cnn_assignment\data\raw\train\Melanocytic nevus\ISIC_0000060_downsampled.jpg,ISIC_0000060_downsampled.jpg,train,Melanocytic nevus,.jpg,190.39,8773ef76c290e1c7967a11016732a12a8c57cfc7e1c0c41bfd578ccabcd7fc92,1024,768,3,RGB,False
G:\My Drive\Document\S2 MSIT\Deep Learning\Assigment 1\Skin Disease\skin_disease_cnn_assignment\data\raw\train\Melanocytic nevus\ISIC_0000061_downsampled.jpg,ISIC_0000061_downsampled.jpg,train,Melanocytic nevus,.jpg,175.11,9adccad5f5eddb53a05be408097ac0719961bff66677f3e37b418f6cb33ddfe4,1024,768,3,RGB,False
G:\My Drive\Document\S2 MSIT\Deep Learning\Assigment 1\Skin Disease\skin_disease_cnn_assignment\data\raw\train\Melanocytic nevus\ISIC_0000063_downsampled.jpg,ISIC_0000063_downsampled.jpg,train,Melanocytic nevus,.jpg,190.26,84f38d2cc16c889704bbf4f2ddae0082c6bcaea3eb658600baa604170c693b96,1024,768,3,RGB,False
G:\My Drive\Document\S2 MSIT\Deep Learning\Assigment 1\Skin Disease\skin_disease_cnn_assignment\data\raw\train\Melanocytic nevus\ISIC_0000064_downsampled.jpg,ISIC_0000064_downsampled.jpg,train,Melanocytic nevus,.jpg,177.74,5d186e4300b3d15f9651e471a07bfce62fb36102cd6e6756dc87077bfac116e3,1024,768,3,RGB,False
G:\My Drive\Document\S2 MSIT\Deep Learning\Assigment 1\Skin Disease\skin_disease_cnn_assignment\data\raw\train\Melanocytic nevus\ISIC_0000066.jpg,ISIC_0000066.jpg,train,Melanocytic nevus,.jpg,38.8,b4e074e533f56459a511a2cb378e5903f896f758bafda199b38386bd94614117,962,722,3,RGB,False
G:\My Drive\Document\S2 MSIT\Deep Learning\Assigment 1\Skin Disease\skin_disease_cnn_assignment\data\raw\train\Melanocytic nevus\ISIC_0000067.jpg,ISIC_0000067.jpg,train,Melanocytic nevus,.jpg,40.91,5e72117190f2f03ccc366630d9ba72fd159f5077496d972179561b27f1ce5baf,962,722,3,RGB,False
G:\My Drive\Document\S2 MSIT\Deep Learning\Assigment 1\Skin Disease\skin_disease_cnn_assignment\data\raw\train\Melanocytic nevus\ISIC_0000068.jpg,ISIC_0000068.jpg,train,Melanocytic nevus,.jpg,47.56,842585542c59d7d88dd45574004b298de24ab917484dd4e47ee986046519acc9,962,722,3,RGB,False
G:\My Drive\Document\S2 MSIT\Deep Learning\Assigment 1\Skin Disease\skin_disease_cnn_assignment\data\raw\train\Melanocytic nevus\ISIC_0000069.jpg,ISIC_0000069.jpg,train,Melanocytic nevus,.jpg,50.78,469cb7a1a7fd4135d676daad01d6dcf7dbe2db06eb7bacfb6b3a1677ba811ac1,1022,767,3,RGB,False
G:\My Drive\Document\S2 MSIT\Deep Learning\Assigment 1\Skin Disease\skin_disease_cnn_assignment\data\raw\train\Melanocytic nevus\ISIC_0000072.jpg,ISIC_0000072.jpg,train,Melanocytic nevus,.jpg,46.45,f67f425d67065bd999bf6ae2e3d7ca247336c5bc9ccb003f875ad31a8a4e0f5f,1022,767,3,RGB,False
G:\My Drive\Document\S2 MSIT\Deep Learning\Assigment 1\Skin Disease\skin_disease_cnn_assignment\data\raw\train\Melanocytic nevus\ISIC_0000073.jpg,ISIC_0000073.jpg,train,Melanocytic nevus,.jpg,39.17,6ef968cb1a0ab6a8f9461ba2ab608b44ca868293e37487f85fd7cf5e96cda26b,1022,767,3,RGB,False
G:\My Drive\Document\S2 MSIT\Deep Learning\Assigment 1\Skin Disease\skin_disease_cnn_assignment\data\raw\train\Melanocytic nevus\ISIC_0000079_downsampled.jpg,ISIC_0000079_downsampled.jpg,train,Melanocytic nevus,.jpg,154.45,7bed28ddd866a207f800820f548d6f1ea1e57f21d023eb43ef741875bcab7d5f,1024,768,3,RGB,False
G:\My Drive\Document\S2 MSIT\Deep Learning\Assigment 1\Skin Disease\skin_disease_cnn_assignment\data\raw\train\Melanocytic nevus\ISIC_0000081_downsampled.jpg,ISIC_0000081_downsampled.jpg,train,Melanocytic nevus,.jpg,122.51,97825090856a8539e7657d7419c25bf38700904e173087a1516a54d58c1c247e,1024,768,3,RGB,False
G:\My Drive\Document\S2 MSIT\Deep Learning\Assigment 1\Skin Disease\skin_disease_cnn_assignment\data\raw\train\Melanocytic nevus\ISIC_0000082_downsampled.jpg,ISIC_0000082_downsampled.jpg,train,Melanocytic nevus,.jpg,113.38,db4b94167aa365cab53764376d67a6792022e73ce6f7f8500491b274d6b80e32,1024,768,3,RGB,False
G:\My Drive\Document\S2 MSIT\Deep Learning\Assigment 1\Skin Disease\skin_disease_cnn_assignment\data\raw\train\Melanocytic nevus\ISIC_0000085_downsampled.jpg,ISIC_0000085_downsampled.jpg,train,Melanocytic nevus,.jpg,157.11,6440eeedba6b9f12d91e570111b7658f0a655af6230206855a72c58b0a584b93,1024,768,3,RGB,False
G:\My Drive\Document\S2 MSIT\Deep Learning\Assigment 1\Skin Disease\skin_disease_cnn_assignment\data\raw\train\Melanocytic nevus\ISIC_0000086_downsampled.jpg,ISIC_0000086_downsampled.jpg,train,Melanocytic nevus,.jpg,201.6,e6b0a910255b5f4ac96dd693795075a33784b93e6db6cf8cdef7f74250424448,1024,768,3,RGB,False
G:\My Drive\Document\S2 MSIT\Deep Learning\Assigment 1\Skin Disease\skin_disease_cnn_assignment\data\raw\train\Melanocytic nevus\ISIC_0000087_downsampled.jpg,ISIC_0000087_downsampled.jpg,train,Melanocytic nevus,.jpg,119.69,9ed00f1cd6709a07aa49f9d5ba170e0ebe353983dd34381f94b4f81e4fb16a5a,1024,768,3,RGB,False
G:\My Drive\Document\S2 MSIT\Deep Learning\Assigment 1\Skin Disease\skin_disease_cnn_assignment\data\raw\train\Melanocytic nevus\ISIC_0000088_downsampled.jpg,ISIC_0000088_downsampled.jpg,train,Melanocytic nevus,.jpg,153.66,cdc7f43301e0eb530e9c2ba9c2c20ca214dc667d56884ae7db6d167fd6398a6f,1024,768,3,RGB,False
G:\My Drive\Document\S2 MSIT\Deep Learning\Assigment 1\Skin Disease\skin_disease_cnn_assignment\data\raw\train\Melanocytic nevus\ISIC_0000089_downsampled.jpg,ISIC_0000089_downsampled.jpg,train,Melanocytic nevus,.jpg,111.32,83d9ee1c03fe6d802ea73b07c98ed0868e6a70e596e3aec2a8c0cad25b842537,1024,768,3,RGB,False
G:\My Drive\Document\S2 MSIT\Deep Learning\Assigment 1\Skin Disease\skin_disease_cnn_assignment\data\raw\train\Melanocytic nevus\ISIC_0000091_downsampled.jpg,ISIC_0000091_downsampled.jpg,train,Melanocytic nevus,.jpg,138.99,7c83048b603855718d29ee4130588e28a93ecd78a4ba1e6118f98766d5fb7115,1024,768,3,RGB,False
G:\My Drive\Document\S2 MSIT\Deep Learning\Assigment 1\Skin Disease\skin_disease_cnn_assignment\data\raw\train\Melanocytic nevus\ISIC_0000092_downsampled.jpg,ISIC_0000092_downsampled.jpg,train,Melanocytic nevus,.jpg,101.45,7249835ade1b004fa58720489d0911a26f032d0c7f72359cd0e52bd5d5096791,1024,768,3,RGB,False
G:\My Drive\Document\S2 MSIT\Deep Learning\Assigment 1\Skin Disease\skin_disease_cnn_assignment\data\raw\train\Melanocytic nevus\ISIC_0000094_downsampled.jpg,ISIC_0000094_downsampled.jpg,train,Melanocytic nevus,.jpg,143.47,2def722e51333d072be092691223a25e4b8a2f25f06f45b343079570391add85,1024,768,3,RGB,False
G:\My Drive\Document\S2 MSIT\Deep Learning\Assigment 1\Skin Disease\skin_disease_cnn_assignment\data\raw\train\Melanocytic nevus\ISIC_0000095_downsampled.jpg,ISIC_0000095_downsampled.jpg,train,Melanocytic nevus,.jpg,223.35,1dd64f238550b8a5ede207b8fcfc8553a65e6aefe395659a28fa600d6e7109fe,1024,768,3,RGB,False
G:\My Drive\Document\S2 MSIT\Deep Learning\Assigment 1\Skin Disease\skin_disease_cnn_assignment\data\raw\train\Melanocytic nevus\ISIC_0000096_downsampled.jpg,ISIC_0000096_downsampled.jpg,train,Melanocytic nevus,.jpg,173.17,43b92b83301eebc67be15d25fddd577b88ac8c3aab8e8bd615fca209dc5e9739,1024,768,3,RGB,False
G:\My Drive\Document\S2 MSIT\Deep Learning\Assigment 1\Skin Disease\skin_disease_cnn_assignment\data\raw\train\Melanocytic nevus\ISIC_0000098_downsampled.jpg,ISIC_0000098_downsampled.jpg,train,Melanocytic nevus,.jpg,195.72,1666c216101e561d27d5110197cf72251941ec499319d1afc8bcd60930c19a94,1024,768,3,RGB,False
G:\My Drive\Document\S2 MSIT\Deep Learning\Assigment 1\Skin Disease\skin_disease_cnn_assignment\data\raw\train\Melanocytic nevus\ISIC_0000099_downsampled.jpg,ISIC_0000099_downsampled.jpg,train,Melanocytic nevus,.jpg,170.44,f7683d9f349fcbdeefdaf6799ef52dfb8909661936b7d37761d4b9ff90a7bb35,1024,768,3,RGB,False
G:\My Drive\Document\S2 MSIT\Deep Learning\Assigment 1\Skin Disease\skin_disease_cnn_assignment\data\raw\train\Melanocytic nevus\ISIC_0000100_downsampled.jpg,ISIC_0000100_downsampled.jpg,train,Melanocytic nevus,.jpg,207.61,dbddf867af656d1199c78ec9f8ec6087da562882722c8e8b496d511fef16310a,1024,768,3,RGB,False
G:\My Drive\Document\S2 MSIT\Deep Learning\Assigment 1\Skin Disease\skin_disease_cnn_assignment\data\raw\train\Melanocytic nevus\ISIC_0000102_downsampled.jpg,ISIC_0000102_downsampled.jpg,train,Melanocytic nevus,.jpg,134.28,8f3a2d64b2b15559c59b45d9c876c3cb992d1babc97fd0e43751b728fdb2959d,1024,768,3,RGB,False
G:\My Drive\Document\S2 MSIT\Deep Learning\Assigment 1\Skin Disease\skin_disease_cnn_assignment\data\raw\train\Melanocytic nevus\ISIC_0000103_downsampled.jpg,ISIC_0000103_downsampled.jpg,train,Melanocytic nevus,.jpg,170.63,089a22762d3cc139ed2e48d3d6ea5a4640dd4ae1f8eaa983d48389c6ecb04ec3,1024,768,3,RGB,False
G:\My Drive\Document\S2 MSIT\Deep Learning\Assigment 1\Skin Disease\skin_disease_cnn_assignment\data\raw\train\Melanocytic nevus\ISIC_0000104_downsampled.jpg,ISIC_0000104_downsampled.jpg,train,Melanocytic nevus,.jpg,159.06,87ab73fbac09376a09414699e8448c7b811382bbd685d74e4e44e9d3365dd671,1024,768,3,RGB,False
G:\My Drive\Document\S2 MSIT\Deep Learning\Assigment 1\Skin Disease\skin_disease_cnn_assignment\data\raw\train\Melanocytic nevus\ISIC_0000105_downsampled.jpg,ISIC_0000105_downsampled.jpg,train,Melanocytic nevus,.jpg,242.13,52d127395d48a8ec00832bb0f9afd2aa851c385b58935cfa3660fa94a33780fe,1024,768,3,RGB,False
G:\My Drive\Document\S2 MSIT\Deep Learning\Assigment 1\Skin Disease\skin_disease_cnn_assignment\data\raw\train\Melanocytic nevus\ISIC_0000107_downsampled.jpg,ISIC_0000107_downsampled.jpg,train,Melanocytic nevus,.jpg,139.78,94401aff91c81ad5c3b59b5d02b48e53984874ca898e1ab07a5781b2cde5a7e0,1024,768,3,RGB,False
G:\My Drive\Document\S2 MSIT\Deep Learning\Assigment 1\Skin Disease\skin_disease_cnn_assignment\data\raw\train\Melanocytic nevus\ISIC_0000108_downsampled.jpg,ISIC_0000108_downsampled.jpg,train,Melanocytic nevus,.jpg,120.35,cda8a1ca8665ff3e12ea0a20eeb297f6a390b67839ee3074e2b10d1d10e464fe,1024,768,3,RGB,False
G:\My Drive\Document\S2 MSIT\Deep Learning\Assigment 1\Skin Disease\skin_disease_cnn_assignment\data\raw\train\Melanocytic nevus\ISIC_0000109_downsampled.jpg,ISIC_0000109_downsampled.jpg,train,Melanocytic nevus,.jpg,185.1,e3cd38aba6a7462dd4c5e412ef910be26669248d44713cb33d89e634c4dc124d,1024,768,3,RGB,False
G:\My Drive\Document\S2 MSIT\Deep Learning\Assigment 1\Skin Disease\skin_disease_cnn_assignment\data\raw\train\Melanocytic nevus\ISIC_0000110_downsampled.jpg,ISIC_0000110_downsampled.jpg,train,Melanocytic nevus,.jpg,117.87,d40748ebaa26af215de396805832a0adbf637b0063b546dd051773b90ca1da92,1024,768,3,RGB,False
G:\My Drive\Document\S2 MSIT\Deep Learning\Assigment 1\Skin Disease\skin_disease_cnn_assignment\data\raw\train\Melanocytic nevus\ISIC_0000111_downsampled.jpg,ISIC_0000111_downsampled.jpg,train,Melanocytic nevus,.jpg,171.74,c02f142995651d5053f450109f6241c054d567110922e1e1c70958491b5b8646,1024,768,3,RGB,False
G:\My Drive\Document\S2 MSIT\Deep Learning\Assigment 1\Skin Disease\skin_disease_cnn_assignment\data\raw\train\Melanocytic nevus\ISIC_0000112_downsampled.jpg,ISIC_0000112_downsampled.jpg,train,Melanocytic nevus,.jpg,132.4,12841a097f10ca4163470bad1b37789bbda1b59e185784f0227cc277704391ac,1024,768,3,RGB,False
G:\My Drive\Document\S2 MSIT\Deep Learning\Assigment 1\Skin Disease\skin_disease_cnn_assignment\data\raw\train\Melanocytic nevus\ISIC_0000116_downsampled.jpg,ISIC_0000116_downsampled.jpg,train,Melanocytic nevus,.jpg,100.56,032e11d8415f9a8d6e9747028a262c425115991817e59e312cd1c7c4729d4582,1024,768,3,RGB,False
G:\My Drive\Document\S2 MSIT\Deep Learning\Assigment 1\Skin Disease\skin_disease_cnn_assignment\data\raw\train\Melanocytic nevus\ISIC_0000117_downsampled.jpg,ISIC_0000117_downsampled.jpg,train,Melanocytic nevus,.jpg,113.73,1082c6d6f1fdaa98bc17d97264b0db33eb666e902b9465ac94a252333bf01981,1024,768,3,RGB,False
G:\My Drive\Document\S2 MSIT\Deep Learning\Assigment 1\Skin Disease\skin_disease_cnn_assignment\data\raw\train\Melanocytic nevus\ISIC_0000119_downsampled.jpg,ISIC_0000119_downsampled.jpg,train,Melanocytic nevus,.jpg,110.13,282b668fea6ae138eeeafbf475324adea02368589406699b22bb81f4cd806818,1024,768,3,RGB,False
G:\My Drive\Document\S2 MSIT\Deep Learning\Assigment 1\Skin Disease\skin_disease_cnn_assignment\data\raw\train\Melanocytic nevus\ISIC_0000120_downsampled.jpg,ISIC_0000120_downsampled.jpg,train,Melanocytic nevus,.jpg,141.02,07a89f61ebadebd7ecab7ecce52bd47acc61355399db98bb0835dcef02d6ed77,1024,768,3,RGB,False
G:\My Drive\Document\S2 MSIT\Deep Learning\Assigment 1\Skin Disease\skin_disease_cnn_assignment\data\raw\train\Melanocytic nevus\ISIC_0000121_downsampled.jpg,ISIC_0000121_downsampled.jpg,train,Melanocytic nevus,.jpg,96.97,71be6cf6132ff2f452f648e7f8847f286446523f88a2f98f80ff97d862364a35,1024,768,3,RGB,False
G:\My Drive\Document\S2 MSIT\Deep Learning\Assigment 1\Skin Disease\skin_disease_cnn_assignment\data\raw\train\Melanocytic nevus\ISIC_0000122_downsampled.jpg,ISIC_0000122_downsampled.jpg,train,Melanocytic nevus,.jpg,158.37,0146555e52a594a771fb31046df299a5d81dac3dab583f69ee73b64514b46537,1024,768,3,RGB,False
G:\My Drive\Document\S2 MSIT\Deep Learning\Assigment 1\Skin Disease\skin_disease_cnn_assignment\data\raw\train\Melanocytic nevus\ISIC_0000126_downsampled.jpg,ISIC_0000126_downsampled.jpg,train,Melanocytic nevus,.jpg,177.28,dc9d3cf1f92932eec1eccee8e445a037911a4afe3f50ed5f8cffc5eb061dbfff,1024,768,3,RGB,False
G:\My Drive\Document\S2 MSIT\Deep Learning\Assigment 1\Skin Disease\skin_disease_cnn_assignment\data\raw\train\Melanocytic nevus\ISIC_0000127_downsampled.jpg,ISIC_0000127_downsampled.jpg,train,Melanocytic nevus,.jpg,84.84,5476d41f8f06cb6141f5c82cf6d928152d00e2d8865ea2f3238b154792458c2a,1024,768,3,RGB,False
G:\My Drive\Document\S2 MSIT\Deep Learning\Assigment 1\Skin Disease\skin_disease_cnn_assignment\data\raw\train\Melanocytic nevus\ISIC_0000129_downsampled.jpg,ISIC_0000129_downsampled.jpg,train,Melanocytic nevus,.jpg,97.54,301c1b3d0a4239301308c06fcee6f952bc81e732225adc58b56ab24c60e59ab8,1024,768,3,RGB,False
G:\My Drive\Document\S2 MSIT\Deep Learning\Assigment 1\Skin Disease\skin_disease_cnn_assignment\data\raw\train\Melanocytic nevus\ISIC_0000130_downsampled.jpg,ISIC_0000130_downsampled.jpg,train,Melanocytic nevus,.jpg,105.01,c274e351e342087e85502b33bb6da7d3ccf31876d743323a8131a4e54787ca8d,1024,768,3,RGB,False
G:\My Drive\Document\S2 MSIT\Deep Learning\Assigment 1\Skin Disease\skin_disease_cnn_assignment\data\raw\train\Melanocytic nevus\ISIC_0000131_downsampled.jpg,ISIC_0000131_downsampled.jpg,train,Melanocytic nevus,.jpg,174.22,c32b69061b93cb6839f7c8bdf889f7a68521fb260f3bcdd44d119bad298d70c3,1024,768,3,RGB,False
G:\My Drive\Document\S2 MSIT\Deep Learning\Assigment 1\Skin Disease\skin_disease_cnn_assignment\data\raw\train\Melanocytic nevus\ISIC_0000132_downsampled.jpg,ISIC_0000132_downsampled.jpg,train,Melanocytic nevus,.jpg,147.08,8ec10df8ff3ebf1b4faf49acc574ab5c03684f3fa3415bf12bfe3265b8f3ded5,1024,768,3,RGB,False
G:\My Drive\Document\S2 MSIT\Deep Learning\Assigment 1\Skin Disease\skin_disease_cnn_assignment\data\raw\train\Melanocytic nevus\ISIC_0000133_downsampled.jpg,ISIC_0000133_downsampled.jpg,train,Melanocytic nevus,.jpg,175.55,0932d7084c6c99f4a3af4d9525f101bb72074152cb5a8a226a4bf428a21781e2,1024,768,3,RGB,False
G:\My Drive\Document\S2 MSIT\Deep Learning\Assigment 1\Skin Disease\skin_disease_cnn_assignment\data\raw\train\Melanocytic nevus\ISIC_0000134_downsampled.jpg,ISIC_0000134_downsampled.jpg,train,Melanocytic nevus,.jpg,108.24,aa662b56378f739a498028692a0732ba1f6515aadb3e36ed3241eccd054a7a13,1024,768,3,RGB,False
G:\My Drive\Document\S2 MSIT\Deep Learning\Assigment 1\Skin Disease\skin_disease_cnn_assignment\data\raw\train\Melanocytic nevus\ISIC_0000136_downsampled.jpg,ISIC_0000136_downsampled.jpg,train,Melanocytic nevus,.jpg,146.35,2977d3c7d25d9ed41507e53a4e734cef14dfd3a2491c34f3460817feb09c2b70,1024,768,3,RGB,False
G:\My Drive\Document\S2 MSIT\Deep Learning\Assigment 1\Skin Disease\skin_disease_cnn_assignment\data\raw\train\Melanoma\ISIC_0000002.jpg,ISIC_0000002.jpg,train,Melanoma,.jpg,56.48,f5639d4c52597d0bf5cfa7db3b0f1ecadf9dde42744919eaa7a7679f953fb8e7,1022,767,3,RGB,False
G:\My Drive\Document\S2 MSIT\Deep Learning\Assigment 1\Skin Disease\skin_disease_cnn_assignment\data\raw\train\Melanoma\ISIC_0000004.jpg,ISIC_0000004.jpg,train,Melanoma,.jpg,48.21,036678938dc7da0eecff14e3fe8f647e353060ac08e05226bf7e1d9433fed090,1022,767,3,RGB,False
G:\My Drive\Document\S2 MSIT\Deep Learning\Assigment 1\Skin Disease\skin_disease_cnn_assignment\data\raw\train\Melanoma\ISIC_0000013.jpg,ISIC_0000013.jpg,train,Melanoma,.jpg,34.08,8be9d9fbd3c55768d4c3a5cd4124196ae3f7488eb3a050681c21dbfbe28ab8a8,1022,767,3,RGB,False
G:\My Drive\Document\S2 MSIT\Deep Learning\Assigment 1\Skin Disease\skin_disease_cnn_assignment\data\raw\train\Melanoma\ISIC_0000026_downsampled.jpg,ISIC_0000026_downsampled.jpg,train,Melanoma,.jpg,139.97,954a02d72f542f680d0eb62e61cb9aabfbdf8e13c077a0ed890dec3c6662082a,1024,768,3,RGB,False
G:\My Drive\Document\S2 MSIT\Deep Learning\Assigment 1\Skin Disease\skin_disease_cnn_assignment\data\raw\train\Melanoma\ISIC_0000029_downsampled.jpg,ISIC_0000029_downsampled.jpg,train,Melanoma,.jpg,207.04,1e61f7cc78d4e8a68f62e42173fe162d6719a8a07b7a79eb1893521b64691d8d,1024,768,3,RGB,False
G:\My Drive\Document\S2 MSIT\Deep Learning\Assigment 1\Skin Disease\skin_disease_cnn_assignment\data\raw\train\Melanoma\ISIC_0000030_downsampled.jpg,ISIC_0000030_downsampled.jpg,train,Melanoma,.jpg,191.03,aeb9ac4665d766ecaba5e5eb748b3a129962d970d0462c9889592566ddd29294,1024,769,3,RGB,False
G:\My Drive\Document\S2 MSIT\Deep Learning\Assigment 1\Skin Disease\skin_disease_cnn_assignment\data\raw\train\Melanoma\ISIC_0000031_downsampled.jpg,ISIC_0000031_downsampled.jpg,train,Melanoma,.jpg,206.51,e6fcf088e885c95293cbc6b407ef64b85ca46add1d23873b624796862923678d,1024,768,3,RGB,False
G:\My Drive\Document\S2 MSIT\Deep Learning\Assigment 1\Skin Disease\skin_disease_cnn_assignment\data\raw\train\Melanoma\ISIC_0000035_downsampled.jpg,ISIC_0000035_downsampled.jpg,train,Melanoma,.jpg,194.79,f902094c9531e92431f56a6be58f8746e766f1e3e6c15d2068328a9beb65d488,1024,768,3,RGB,False
G:\My Drive\Document\S2 MSIT\Deep Learning\Assigment 1\Skin Disease\skin_disease_cnn_assignment\data\raw\train\Melanoma\ISIC_0000036_downsampled.jpg,ISIC_0000036_downsampled.jpg,train,Melanoma,.jpg,191.2,b86fe44f1b760005386242aaf9eb9c953bc7f0ed0de42c76ed0dd5e793f2bdd6,1024,768,3,RGB,False
G:\My Drive\Document\S2 MSIT\Deep Learning\Assigment 1\Skin Disease\skin_disease_cnn_assignment\data\raw\train\Melanoma\ISIC_0000040_downsampled.jpg,ISIC_0000040_downsampled.jpg,train,Melanoma,.jpg,157.1,0e8832c5fa662055d0e9ed5c24042562a7edc6bb947f7ef056b2ec62c3455d6c,1024,768,3,RGB,False
G:\My Drive\Document\S2 MSIT\Deep Learning\Assigment 1\Skin Disease\skin_disease_cnn_assignment\data\raw\train\Melanoma\ISIC_0000054_downsampled.jpg,ISIC_0000054_downsampled.jpg,train,Melanoma,.jpg,156.23,19094dedc829d3cded5ea9b4a24c1aba7e7bcdb9e085d0a2fd247fc0feeb7326,1024,768,3,RGB,False
G:\My Drive\Document\S2 MSIT\Deep Learning\Assigment 1\Skin Disease\skin_disease_cnn_assignment\data\raw\train\Melanoma\ISIC_0000078_downsampled.jpg,ISIC_0000078_downsampled.jpg,train,Melanoma,.jpg,174.27,ae9da8ccca4cdd1ae2c30cd205d42ee4e097e5ebfa62fc7f218d49cb0575069c,1024,768,3,RGB,False
G:\My Drive\Document\S2 MSIT\Deep Learning\Assigment 1\Skin Disease\skin_disease_cnn_assignment\data\raw\train\Melanoma\ISIC_0000139_downsampled.jpg,ISIC_0000139_downsampled.jpg,train,Melanoma,.jpg,221.86,8cc735534a82acc6ff899430668a2b0a3cfda296dce80a63b9044dd229d26fe8,1024,768,3,RGB,False
G:\My Drive\Document\S2 MSIT\Deep Learning\Assigment 1\Skin Disease\skin_disease_cnn_assignment\data\raw\train\Melanoma\ISIC_0000141_downsampled.jpg,ISIC_0000141_downsampled.jpg,train,Melanoma,.jpg,99.88,398d3736340061de52826aef5c210916f4ed5a45c1dc2e5b1c38e36ecc702f13,1024,768,3,RGB,False
G:\My Drive\Document\S2 MSIT\Deep Learning\Assigment 1\Skin Disease\skin_disease_cnn_assignment\data\raw\train\Melanoma\ISIC_0000142_downsampled.jpg,ISIC_0000142_downsampled.jpg,train,Melanoma,.jpg,174.34,9a30d248046b8dbf01a2edf5eb7190d72cfea132f2208f62fdf8b1ec54ae9628,1024,768,3,RGB,False
G:\My Drive\Document\S2 MSIT\Deep Learning\Assigment 1\Skin Disease\skin_disease_cnn_assignment\data\raw\train\Melanoma\ISIC_0000143_downsampled.jpg,ISIC_0000143_downsampled.jpg,train,Melanoma,.jpg,225.63,5f6132c41846ab3969b0fae04e6e1098b0c13e919145d942c868b64c5be50278,1024,768,3,RGB,False
G:\My Drive\Document\S2 MSIT\Deep Learning\Assigment 1\Skin Disease\skin_disease_cnn_assignment\data\raw\train\Melanoma\ISIC_0000145_downsampled.jpg,ISIC_0000145_downsampled.jpg,train,Melanoma,.jpg,162.22,d270408011f60d73cbec76ac6acc10d7dc442af9920927f10ccbf5694c133e2b,1024,768,3,RGB,False
G:\My Drive\Document\S2 MSIT\Deep Learning\Assigment 1\Skin Disease\skin_disease_cnn_assignment\data\raw\train\Melanoma\ISIC_0000146_downsampled.jpg,ISIC_0000146_downsampled.jpg,train,Melanoma,.jpg,168.15,8c3d77523b09453bbbf129184d9ac43fdc2e3d1fed3bfc04c0c79b011f0c5a24,1024,768,3,RGB,False
G:\My Drive\Document\S2 MSIT\Deep Learning\Assigment 1\Skin Disease\skin_disease_cnn_assignment\data\raw\train\Melanoma\ISIC_0000147_downsampled.jpg,ISIC_0000147_downsampled.jpg,train,Melanoma,.jpg,192.67,afbdd4c5657f44e89ecb316358741f33fb871927fee4fb9a2d761787c7a43fce,1024,768,3,RGB,False
G:\My Drive\Document\S2 MSIT\Deep Learning\Assigment 1\Skin Disease\skin_disease_cnn_assignment\data\raw\train\Melanoma\ISIC_0000148_downsampled.jpg,ISIC_0000148_downsampled.jpg,train,Melanoma,.jpg,211.19,2d654b7e8d1cc163638c9234123e4816d6f089bea27fa87e1ade1725f00f4bce,1024,768,3,RGB,False
G:\My Drive\Document\S2 MSIT\Deep Learning\Assigment 1\Skin Disease\skin_disease_cnn_assignment\data\raw\train\Melanoma\ISIC_0000149_downsampled.jpg,ISIC_0000149_downsampled.jpg,train,Melanoma,.jpg,136.15,07685e5e292ef2833bd19a24496aae021944b1d50f322e780f37c00d7f3ec123,1024,768,3,RGB,False
G:\My Drive\Document\S2 MSIT\Deep Learning\Assigment 1\Skin Disease\skin_disease_cnn_assignment\data\raw\train\Melanoma\ISIC_0000150_downsampled.jpg,ISIC_0000150_downsampled.jpg,train,Melanoma,.jpg,159.4,06eeecfad0811518e663a52bdba108324df3088f641581feecc8b1af736d1c9b,1024,768,3,RGB,False
G:\My Drive\Document\S2 MSIT\Deep Learning\Assigment 1\Skin Disease\skin_disease_cnn_assignment\data\raw\train\Melanoma\ISIC_0000151_downsampled.jpg,ISIC_0000151_downsampled.jpg,train,Melanoma,.jpg,109.88,4e8fa9d4f91a504caa2e2908baffd51af185b3a3c484339f30e0b7e1757d01c9,1024,768,3,RGB,False
G:\My Drive\Document\S2 MSIT\Deep Learning\Assigment 1\Skin Disease\skin_disease_cnn_assignment\data\raw\train\Melanoma\ISIC_0000153_downsampled.jpg,ISIC_0000153_downsampled.jpg,train,Melanoma,.jpg,231.51,625396bfeb8cbd2dae29a0f33a91be0846e9e63f2dcd4786fa0950f7c8ba72dd,1024,768,3,RGB,False
G:\My Drive\Document\S2 MSIT\Deep Learning\Assigment 1\Skin Disease\skin_disease_cnn_assignment\data\raw\train\Melanoma\ISIC_0000154_downsampled.jpg,ISIC_0000154_downsampled.jpg,train,Melanoma,.jpg,150.47,772fe8a9c24915f9e5c893333852f89f6084f3963cf3014605689df986f599f9,1024,768,3,RGB,False
G:\My Drive\Document\S2 MSIT\Deep Learning\Assigment 1\Skin Disease\skin_disease_cnn_assignment\data\raw\train\Melanoma\ISIC_0000155_downsampled.jpg,ISIC_0000155_downsampled.jpg,train,Melanoma,.jpg,154.17,36901f63bd4e6bada5911055ce1808ae9cb78d59b5549e3fd6fcfc289154afa3,1024,768,3,RGB,False
G:\My Drive\Document\S2 MSIT\Deep Learning\Assigment 1\Skin Disease\skin_disease_cnn_assignment\data\raw\train\Melanoma\ISIC_0000156_downsampled.jpg,ISIC_0000156_downsampled.jpg,train,Melanoma,.jpg,195.87,fd0532b5330b6a8a124615d6d7b113f553d84724bd82730c769241ddfd25f381,1024,768,3,RGB,False
G:\My Drive\Document\S2 MSIT\Deep Learning\Assigment 1\Skin Disease\skin_disease_cnn_assignment\data\raw\train\Melanoma\ISIC_0000157.jpg,ISIC_0000157.jpg,train,Melanoma,.jpg,41.83,6e371260fd9a7aed6cb5f41e573082dc3ba6b8ead80a1ba9464f41589588cd89,963,629,3,RGB,False
G:\My Drive\Document\S2 MSIT\Deep Learning\Assigment 1\Skin Disease\skin_disease_cnn_assignment\data\raw\train\Melanoma\ISIC_0000159.jpg,ISIC_0000159.jpg,train,Melanoma,.jpg,47.93,9db233afe7f71c6dd431acf1994c4d56c4ac5687d8740be7d1810f4eb3db34b6,965,724,3,RGB,False
G:\My Drive\Document\S2 MSIT\Deep Learning\Assigment 1\Skin Disease\skin_disease_cnn_assignment\data\raw\train\Melanoma\ISIC_0000160.jpg,ISIC_0000160.jpg,train,Melanoma,.jpg,38.1,7db634ba3ae2ee1e4a72d548713df017cb7919489978f680563ae19abea07da7,722,540,3,RGB,False
G:\My Drive\Document\S2 MSIT\Deep Learning\Assigment 1\Skin Disease\skin_disease_cnn_assignment\data\raw\train\Melanoma\ISIC_0000161.jpg,ISIC_0000161.jpg,train,Melanoma,.jpg,62.65,ac8aea436d7b2ea09dc9570ff1e8cbd7a7c09bb0d41e7aadb68a0c4ae07718a4,962,674,3,RGB,False
G:\My Drive\Document\S2 MSIT\Deep Learning\Assigment 1\Skin Disease\skin_disease_cnn_assignment\data\raw\train\Melanoma\ISIC_0000162.jpg,ISIC_0000162.jpg,train,Melanoma,.jpg,46.54,405bcc60c78d896ee182f117b7ac7eadb1a4f0b950975976602cd45fcab7123d,964,640,3,RGB,False
G:\My Drive\Document\S2 MSIT\Deep Learning\Assigment 1\Skin Disease\skin_disease_cnn_assignment\data\raw\train\Melanoma\ISIC_0000163.jpg,ISIC_0000163.jpg,train,Melanoma,.jpg,47.72,cc397b0b015cf0ac5f32df560467c993fed9fd32390326488cab704850b7c10e,965,649,3,RGB,False
G:\My Drive\Document\S2 MSIT\Deep Learning\Assigment 1\Skin Disease\skin_disease_cnn_assignment\data\raw\train\Melanoma\ISIC_0000164.jpg,ISIC_0000164.jpg,train,Melanoma,.jpg,61.66,2f48ed7510d5572b15902e2157ac948a8f9d2fc6b13f89ca2dc6e480193fd716,959,638,3,RGB,False
G:\My Drive\Document\S2 MSIT\Deep Learning\Assigment 1\Skin Disease\skin_disease_cnn_assignment\data\raw\train\Melanoma\ISIC_0000165.jpg,ISIC_0000165.jpg,train,Melanoma,.jpg,44.1,3921c1abc4689e91e4d18d52564cca8511110eded0f7cb3b4504d195ff860f0a,961,649,3,RGB,False
G:\My Drive\Document\S2 MSIT\Deep Learning\Assigment 1\Skin Disease\skin_disease_cnn_assignment\data\raw\train\Melanoma\ISIC_0000167.jpg,ISIC_0000167.jpg,train,Melanoma,.jpg,68.9,322d7fa625f1ce0d997816371f60bcaf3001b41ce5f2fcbc2124b750a032c823,965,624,3,RGB,False
G:\My Drive\Document\S2 MSIT\Deep Learning\Assigment 1\Skin Disease\skin_disease_cnn_assignment\data\raw\train\Melanoma\ISIC_0000169.jpg,ISIC_0000169.jpg,train,Melanoma,.jpg,34.5,d56988be65b2146d5be0ff20ab20822d58615d3b636129d763b07a2476d8367c,722,542,3,RGB,False
G:\My Drive\Document\S2 MSIT\Deep Learning\Assigment 1\Skin Disease\skin_disease_cnn_assignment\data\raw\train\Melanoma\ISIC_0000171.jpg,ISIC_0000171.jpg,train,Melanoma,.jpg,56.07,7fc00970db001f43f04c81aaf3790a7abf4dc9f4fee349270dfce0eacba20a3a,964,720,3,RGB,False
G:\My Drive\Document\S2 MSIT\Deep Learning\Assigment 1\Skin Disease\skin_disease_cnn_assignment\data\raw\train\Melanoma\ISIC_0000173.jpg,ISIC_0000173.jpg,train,Melanoma,.jpg,47.6,a637f8dd37f64e544d2d801ae3eeef521ee09c7ecc2d5f1a51c236913c6e2ba1,722,545,3,RGB,False
G:\My Drive\Document\S2 MSIT\Deep Learning\Assigment 1\Skin Disease\skin_disease_cnn_assignment\data\raw\train\Melanoma\ISIC_0000174.jpg,ISIC_0000174.jpg,train,Melanoma,.jpg,61.23,1bc8350b441bc5e50108437bda3a060a3f4e39275aeac1852888e03d37bb522d,960,724,3,RGB,False
G:\My Drive\Document\S2 MSIT\Deep Learning\Assigment 1\Skin Disease\skin_disease_cnn_assignment\data\raw\train\Melanoma\ISIC_0000176_downsampled.jpg,ISIC_0000176_downsampled.jpg,train,Melanoma,.jpg,228.38,5c935a02ad9cec9fd089397f688699a6ba2ff2fe8b8004e57b77f40b8114857a,857,1024,3,RGB,False
G:\My Drive\Document\S2 MSIT\Deep Learning\Assigment 1\Skin Disease\skin_disease_cnn_assignment\data\raw\train\Melanoma\ISIC_0000276.jpg,ISIC_0000276.jpg,train,Melanoma,.jpg,138.47,27f172264193a832728cd8f8a04c46ba334102259b5526f88eb52413ce2b6cc6,1024,768,3,RGB,False
G:\My Drive\Document\S2 MSIT\Deep Learning\Assigment 1\Skin Disease\skin_disease_cnn_assignment\data\raw\train\Melanoma\ISIC_0000277.jpg,ISIC_0000277.jpg,train,Melanoma,.jpg,156.75,40fb8ebeb91c0159567c922049aa8c1269d40fbcc895ac0883c85b3aa7380c6c,1024,768,3,RGB,False
G:\My Drive\Document\S2 MSIT\Deep Learning\Assigment 1\Skin Disease\skin_disease_cnn_assignment\data\raw\train\Melanoma\ISIC_0000278.jpg,ISIC_0000278.jpg,train,Melanoma,.jpg,181.77,e8ea322e1188e00fe9aac213e44831b80552d92d1ce313dd5f1859a0de2d485e,1024,768,3,RGB,False
G:\My Drive\Document\S2 MSIT\Deep Learning\Assigment 1\Skin Disease\skin_disease_cnn_assignment\data\raw\train\Melanoma\ISIC_0000281.jpg,ISIC_0000281.jpg,train,Melanoma,.jpg,152.6,ba7a0b389c10fd38345643947f084fe6020f2c254d7973682b8a202db6552d8c,1024,768,3,RGB,False
G:\My Drive\Document\S2 MSIT\Deep Learning\Assigment 1\Skin Disease\skin_disease_cnn_assignment\data\raw\train\Melanoma\ISIC_0000282.jpg,ISIC_0000282.jpg,train,Melanoma,.jpg,124.39,d04965ed6302037b5e266e7ac8f6325ac2692e4d07172c168fd79d3bd6f034b0,1024,768,3,RGB,False
G:\My Drive\Document\S2 MSIT\Deep Learning\Assigment 1\Skin Disease\skin_disease_cnn_assignment\data\raw\train\Melanoma\ISIC_0000285.jpg,ISIC_0000285.jpg,train,Melanoma,.jpg,194.26,74dd66a6a7fbff72cbb22dbfaf76dd4cc82b8ed703570be385a99c85ab383211,1024,768,3,RGB,False
G:\My Drive\Document\S2 MSIT\Deep Learning\Assigment 1\Skin Disease\skin_disease_cnn_assignment\data\raw\train\Melanoma\ISIC_0000287.jpg,ISIC_0000287.jpg,train,Melanoma,.jpg,138.26,61675c431d97028a5368f2ee050917a1af79acf0ea4d940aa970b0d5fd61af57,1024,768,3,RGB,False
G:\My Drive\Document\S2 MSIT\Deep Learning\Assigment 1\Skin Disease\skin_disease_cnn_assignment\data\raw\train\Melanoma\ISIC_0000288.jpg,ISIC_0000288.jpg,train,Melanoma,.jpg,192.56,8e58f616d93ce3e4995b6188ed637122fb7b60d76cae7bd7b923898a05dbd2fc,1024,768,3,RGB,False
G:\My Drive\Document\S2 MSIT\Deep Learning\Assigment 1\Skin Disease\skin_disease_cnn_assignment\data\raw\train\Melanoma\ISIC_0000289.jpg,ISIC_0000289.jpg,train,Melanoma,.jpg,213.94,0c9592a9786ddaa87e02c3f021c663b7c4cc1ac2a4e31d60b0f04fc243798d5e,1024,768,3,RGB,False
G:\My Drive\Document\S2 MSIT\Deep Learning\Assigment 1\Skin Disease\skin_disease_cnn_assignment\data\raw\train\Melanoma\ISIC_0000290.jpg,ISIC_0000290.jpg,train,Melanoma,.jpg,135.92,92210c5b406d2b2b7118af98b7ea56b801aacfb4373aa412be97abc34dc7bdd0,1024,768,3,RGB,False
G:\My Drive\Document\S2 MSIT\Deep Learning\Assigment 1\Skin Disease\skin_disease_cnn_assignment\data\raw\train\Melanoma\ISIC_0000292.jpg,ISIC_0000292.jpg,train,Melanoma,.jpg,191.38,2ffd4622e790158c3bfd61b1f50ac288d6d6f403f6732252cce83535b4ae355e,1024,768,3,RGB,False
G:\My Drive\Document\S2 MSIT\Deep Learning\Assigment 1\Skin Disease\skin_disease_cnn_assignment\data\raw\train\Melanoma\ISIC_0000293.jpg,ISIC_0000293.jpg,train,Melanoma,.jpg,205.61,8794a8e9d8f0f0ba648583ee3d19e1f324c714f96a0ff56287f63cf3c43f3d02,1024,768,3,RGB,False
G:\My Drive\Document\S2 MSIT\Deep Learning\Assigment 1\Skin Disease\skin_disease_cnn_assignment\data\raw\train\Melanoma\ISIC_0000294.jpg,ISIC_0000294.jpg,train,Melanoma,.jpg,167.75,6f07cb5d0d5af575acac0f9b8e2a38137f301a74c101ca61f09911a0df3220d9,1024,768,3,RGB,False
G:\My Drive\Document\S2 MSIT\Deep Learning\Assigment 1\Skin Disease\skin_disease_cnn_assignment\data\raw\train\Melanoma\ISIC_0000295.jpg,ISIC_0000295.jpg,train,Melanoma,.jpg,321.6,37dcd21622fc65c1a185483a34cacda0b1580faacc82532462968fafe6ce3633,767,576,3,RGB,False
G:\My Drive\Document\S2 MSIT\Deep Learning\Assigment 1\Skin Disease\skin_disease_cnn_assignment\data\raw\train\Melanoma\ISIC_0000297.jpg,ISIC_0000297.jpg,train,Melanoma,.jpg,314.43,a7fd5964526e4ce57e7d23804e03d336a0efea5652bae6f88e21239dca4d5ed0,767,576,3,RGB,False
G:\My Drive\Document\S2 MSIT\Deep Learning\Assigment 1\Skin Disease\skin_disease_cnn_assignment\data\raw\train\Melanoma\ISIC_0000299.jpg,ISIC_0000299.jpg,train,Melanoma,.jpg,328.18,bee19119dad8720a8b8d50c4ec78e1368c1299b4fdac7f953821880544e6bb15,767,576,3,RGB,False
G:\My Drive\Document\S2 MSIT\Deep Learning\Assigment 1\Skin Disease\skin_disease_cnn_assignment\data\raw\train\Melanoma\ISIC_0000300.jpg,ISIC_0000300.jpg,train,Melanoma,.jpg,324.67,6e25045680756f6c9dd4427be8980e0bc815bc5b5b0c3560dcbdb6f11c44d01f,767,576,3,RGB,False
G:\My Drive\Document\S2 MSIT\Deep Learning\Assigment 1\Skin Disease\skin_disease_cnn_assignment\data\raw\train\Melanoma\ISIC_0000301.jpg,ISIC_0000301.jpg,train,Melanoma,.jpg,317.16,ec4cb9351b3b7bf7406f7bfe30b523e33589ee66dec20ddb0f00574451fbc510,767,576,3,RGB,False
G:\My Drive\Document\S2 MSIT\Deep Learning\Assigment 1\Skin Disease\skin_disease_cnn_assignment\data\raw\train\Melanoma\ISIC_0000303.jpg,ISIC_0000303.jpg,train,Melanoma,.jpg,331.9,54b6516d7604a1d29e8807b33bcfa72cb4fd96bca8d57bbafb4aec5cc201dff0,767,576,3,RGB,False
G:\My Drive\Document\S2 MSIT\Deep Learning\Assigment 1\Skin Disease\skin_disease_cnn_assignment\data\raw\train\Melanoma\ISIC_0000306.jpg,ISIC_0000306.jpg,train,Melanoma,.jpg,318.07,47065c440ea56be34bf7653d2d62d6573de59adb076fb1fff780fc2d79840ed7,767,576,3,RGB,False
G:\My Drive\Document\S2 MSIT\Deep Learning\Assigment 1\Skin Disease\skin_disease_cnn_assignment\data\raw\train\Melanoma\ISIC_0000307.jpg,ISIC_0000307.jpg,train,Melanoma,.jpg,332.55,05cf7c78d6b8ca57cf906a243b9c60d3f4fe275df5d74f8f35ade32085e65bd6,767,576,3,RGB,False
G:\My Drive\Document\S2 MSIT\Deep Learning\Assigment 1\Skin Disease\skin_disease_cnn_assignment\data\raw\train\Melanoma\ISIC_0000311.jpg,ISIC_0000311.jpg,train,Melanoma,.jpg,322.39,43527b906efba115ccf75ad6e6489ec63ed252844d48b3b17c9a8b306562ef94,767,576,3,RGB,False
G:\My Drive\Document\S2 MSIT\Deep Learning\Assigment 1\Skin Disease\skin_disease_cnn_assignment\data\raw\train\Melanoma\ISIC_0000314.jpg,ISIC_0000314.jpg,train,Melanoma,.jpg,302.43,0b7aad2160cb8eca28d2cb9cb4bc9c8a46ff151c28dbcdb013d1e7d8af9cfc8f,767,576,3,RGB,False
G:\My Drive\Document\S2 MSIT\Deep Learning\Assigment 1\Skin Disease\skin_disease_cnn_assignment\data\raw\train\Melanoma\ISIC_0000390_downsampled.jpg,ISIC_0000390_downsampled.jpg,train,Melanoma,.jpg,182.35,05e38dc28570486fc2b168b0f596ed67ca4df3a4d3709506771b2647a2a08e78,1024,768,3,RGB,False
G:\My Drive\Document\S2 MSIT\Deep Learning\Assigment 1\Skin Disease\skin_disease_cnn_assignment\data\raw\train\Melanoma\ISIC_0000393_downsampled.jpg,ISIC_0000393_downsampled.jpg,train,Melanoma,.jpg,175.47,d612b881b73d3c996adc32311b436dd2e13adc3eb8adcde3e6d1990dcac69016,1024,768,3,RGB,False
G:\My Drive\Document\S2 MSIT\Deep Learning\Assigment 1\Skin Disease\skin_disease_cnn_assignment\data\raw\train\Melanoma\ISIC_0000395_downsampled.jpg,ISIC_0000395_downsampled.jpg,train,Melanoma,.jpg,183.6,a54ea11f55b070f6dee8348839e2459d123742e34dfa8781920be1ad8c4e349d,1024,768,3,RGB,False
G:\My Drive\Document\S2 MSIT\Deep Learning\Assigment 1\Skin Disease\skin_disease_cnn_assignment\data\raw\train\Melanoma\ISIC_0000410_downsampled.jpg,ISIC_0000410_downsampled.jpg,train,Melanoma,.jpg,167.73,8fc3d0599cd029e5f60bc50aab7834c6fece4883713e2c7ff2d7865c8a377af2,1024,878,3,RGB,False
G:\My Drive\Document\S2 MSIT\Deep Learning\Assigment 1\Skin Disease\skin_disease_cnn_assignment\data\raw\train\Melanoma\ISIC_0000412_downsampled.jpg,ISIC_0000412_downsampled.jpg,train,Melanoma,.jpg,226.86,40e0ec8b82a3d21854047def16ee6a9d43d03e554ae37c57589584e32a51856c,1024,861,3,RGB,False
G:\My Drive\Document\S2 MSIT\Deep Learning\Assigment 1\Skin Disease\skin_disease_cnn_assignment\data\raw\train\Melanoma\ISIC_0000413_downsampled.jpg,ISIC_0000413_downsampled.jpg,train,Melanoma,.jpg,174.37,e756c772ebf319db284af99200d03fbbe4e3271c1f6066d72da9cbe8e35a9b09,1024,768,3,RGB,False
G:\My Drive\Document\S2 MSIT\Deep Learning\Assigment 1\Skin Disease\skin_disease_cnn_assignment\data\raw\train\Melanoma\ISIC_0000415_downsampled.jpg,ISIC_0000415_downsampled.jpg,train,Melanoma,.jpg,217.78,654f81030a6e91852e6deccac92fa759e8feff0e196326d2d641b288e2fb28f7,1024,768,3,RGB,False
G:\My Drive\Document\S2 MSIT\Deep Learning\Assigment 1\Skin Disease\skin_disease_cnn_assignment\data\raw\train\Melanoma\ISIC_0000420_downsampled.jpg,ISIC_0000420_downsampled.jpg,train,Melanoma,.jpg,223.07,2041a7d14749dee5eca9f2c727b23e899d09f29b54984dc25582bb95209f9e6f,1024,768,3,RGB,False
G:\My Drive\Document\S2 MSIT\Deep Learning\Assigment 1\Skin Disease\skin_disease_cnn_assignment\data\raw\train\Melanoma\ISIC_0000434_downsampled.jpg,ISIC_0000434_downsampled.jpg,train,Melanoma,.jpg,171.29,159c544cb21ca14584c18cc940474ae8e2e4c6b9381b134d0d7dbf72e16c6bc3,1024,768,3,RGB,False
G:\My Drive\Document\S2 MSIT\Deep Learning\Assigment 1\Skin Disease\skin_disease_cnn_assignment\data\raw\train\Melanoma\ISIC_0000445_downsampled.jpg,ISIC_0000445_downsampled.jpg,train,Melanoma,.jpg,177.95,aa496e032226f311bdcebe03858ed7959c0de492befadb8ede0b519e9d48f440,1024,768,3,RGB,False
G:\My Drive\Document\S2 MSIT\Deep Learning\Assigment 1\Skin Disease\skin_disease_cnn_assignment\data\raw\train\Melanoma\ISIC_0000463_downsampled.jpg,ISIC_0000463_downsampled.jpg,train,Melanoma,.jpg,187.81,11259b6c74e5808c78506b23d03e56c8f8650e6f1ce42be9b22ab266b09b1cb2,1024,680,3,RGB,False
G:\My Drive\Document\S2 MSIT\Deep Learning\Assigment 1\Skin Disease\skin_disease_cnn_assignment\data\raw\train\Melanoma\ISIC_0000466.jpg,ISIC_0000466.jpg,train,Melanoma,.jpg,332.46,6798edf10b903b559cb5f0ba18014873cc82466804977adeedcf63b57f6c70c4,919,802,3,RGB,False
G:\My Drive\Document\S2 MSIT\Deep Learning\Assigment 1\Skin Disease\skin_disease_cnn_assignment\data\raw\train\Melanoma\ISIC_0000482.jpg,ISIC_0000482.jpg,train,Melanoma,.jpg,446.68,109b1b46b5505903f3dae3c2f491195c9bc8f3b932a32176042b55ceaed89335,919,802,3,RGB,False
G:\My Drive\Document\S2 MSIT\Deep Learning\Assigment 1\Skin Disease\skin_disease_cnn_assignment\data\raw\train\Melanoma\ISIC_0000484.jpg,ISIC_0000484.jpg,train,Melanoma,.jpg,336.12,de1e1313a0723d2716ace89b4c8e922a31843c723de0c27a069a639b05833fe1,919,802,3,RGB,False
G:\My Drive\Document\S2 MSIT\Deep Learning\Assigment 1\Skin Disease\skin_disease_cnn_assignment\data\raw\train\Melanoma\ISIC_0000487.jpg,ISIC_0000487.jpg,train,Melanoma,.jpg,416.25,0883b1205d5581b01216535cd74ccac73e3e41f51284241817f4e28f6484a818,919,802,3,RGB,False
G:\My Drive\Document\S2 MSIT\Deep Learning\Assigment 1\Skin Disease\skin_disease_cnn_assignment\data\raw\train\Melanoma\ISIC_0000511.jpg,ISIC_0000511.jpg,train,Melanoma,.jpg,355.68,21923a738a01c3c1e21c90738deb3a56845629ff9e056d8970c1bdfd0ea1857d,919,802,3,RGB,False
G:\My Drive\Document\S2 MSIT\Deep Learning\Assigment 1\Skin Disease\skin_disease_cnn_assignment\data\raw\train\Squamous cell carcinoma\ISIC_0024329.jpg,ISIC_0024329.jpg,train,Squamous cell carcinoma,.jpg,199.93,343e4bc5295611175b7131ea5b52037cd5b50376fe08d7210c898ce3444a2cf8,600,450,3,RGB,False
G:\My Drive\Document\S2 MSIT\Deep Learning\Assigment 1\Skin Disease\skin_disease_cnn_assignment\data\raw\train\Squamous cell carcinoma\ISIC_0024372.jpg,ISIC_0024372.jpg,train,Squamous cell carcinoma,.jpg,260.22,50f400e660ef3c6f73515ddb1698a57df19bcb09ac683274865c24ea9698da56,600,450,3,RGB,False
G:\My Drive\Document\S2 MSIT\Deep Learning\Assigment 1\Skin Disease\skin_disease_cnn_assignment\data\raw\train\Squamous cell carcinoma\ISIC_0024418.jpg,ISIC_0024418.jpg,train,Squamous cell carcinoma,.jpg,208.57,c7ca4fedced90050534a2c38af2080085bccc1c98aa5985ee393c2d51ec9df6e,600,450,3,RGB,False
G:\My Drive\Document\S2 MSIT\Deep Learning\Assigment 1\Skin Disease\skin_disease_cnn_assignment\data\raw\train\Squamous cell carcinoma\ISIC_0024463.jpg,ISIC_0024463.jpg,train,Squamous cell carcinoma,.jpg,226.88,3e1bed546edf0fb34cd4e2c1622045baf5f1a2ca7cae211af969914c1bb4c2ee,600,450,3,RGB,False
G:\My Drive\Document\S2 MSIT\Deep Learning\Assigment 1\Skin Disease\skin_disease_cnn_assignment\data\raw\train\Squamous cell carcinoma\ISIC_0024517.jpg,ISIC_0024517.jpg,train,Squamous cell carcinoma,.jpg,293.87,d651e3a8cf8a58c3edbe9c52b6b0cafdca90739b011b9ebbd0667a7c3acd5401,600,450,3,RGB,False
G:\My Drive\Document\S2 MSIT\Deep Learning\Assigment 1\Skin Disease\skin_disease_cnn_assignment\data\raw\train\Squamous cell carcinoma\ISIC_0024522.jpg,ISIC_0024522.jpg,train,Squamous cell carcinoma,.jpg,203.35,745cb0c7f4c76a3d29db5917159cd74986fa8df92617399fddd876ae001d35c6,600,450,3,RGB,False
G:\My Drive\Document\S2 MSIT\Deep Learning\Assigment 1\Skin Disease\skin_disease_cnn_assignment\data\raw\train\Squamous cell carcinoma\ISIC_0024539.jpg,ISIC_0024539.jpg,train,Squamous cell carcinoma,.jpg,249.11,06ba5ec0bd28400d6b24c91e43141cc74d29ae76f7a9363ee6b97eccc473540b,600,450,3,RGB,False
G:\My Drive\Document\S2 MSIT\Deep Learning\Assigment 1\Skin Disease\skin_disease_cnn_assignment\data\raw\train\Squamous cell carcinoma\ISIC_0024562.jpg,ISIC_0024562.jpg,train,Squamous cell carcinoma,.jpg,291.92,05fed58372fc98dc71655d7d4afe65e1ac5e6a5b829fe94de69418048f19c40b,600,450,3,RGB,False
G:\My Drive\Document\S2 MSIT\Deep Learning\Assigment 1\Skin Disease\skin_disease_cnn_assignment\data\raw\train\Squamous cell carcinoma\ISIC_0024575.jpg,ISIC_0024575.jpg,train,Squamous cell carcinoma,.jpg,318.11,7bac6ae95176bfd24b40af92aeb1fab17999f511ad742cdc81cb2f936747ccb4,600,450,3,RGB,False
G:\My Drive\Document\S2 MSIT\Deep Learning\Assigment 1\Skin Disease\skin_disease_cnn_assignment\data\raw\train\Squamous cell carcinoma\ISIC_0024579.jpg,ISIC_0024579.jpg,train,Squamous cell carcinoma,.jpg,231.49,e3bbd4c1c0e80de2654c779937fa953f3078ed365158cd20f52b2caec0541547,600,450,3,RGB,False
G:\My Drive\Document\S2 MSIT\Deep Learning\Assigment 1\Skin Disease\skin_disease_cnn_assignment\data\raw\train\Squamous cell carcinoma\ISIC_0024710.jpg,ISIC_0024710.jpg,train,Squamous cell carcinoma,.jpg,272.42,d3a1906e1507e58afeb6466525e4fed21534aeceaaea8f44e8043562adfff4ff,600,450,3,RGB,False
G:\My Drive\Document\S2 MSIT\Deep Learning\Assigment 1\Skin Disease\skin_disease_cnn_assignment\data\raw\train\Squamous cell carcinoma\ISIC_0024925.jpg,ISIC_0024925.jpg,train,Squamous cell carcinoma,.jpg,221.74,044da6e6c2dd4967422e6aa9571ce857c99feeb742ef9df27ef8a7f5643e591d,600,450,3,RGB,False
G:\My Drive\Document\S2 MSIT\Deep Learning\Assigment 1\Skin Disease\skin_disease_cnn_assignment\data\raw\train\Squamous cell carcinoma\ISIC_0025069.jpg,ISIC_0025069.jpg,train,Squamous cell carcinoma,.jpg,270.98,67c942e1705de0ba76eeda67c29e061c9e28a9efa49e66e4ee12c1445e1a0324,600,450,3,RGB,False
G:\My Drive\Document\S2 MSIT\Deep Learning\Assigment 1\Skin Disease\skin_disease_cnn_assignment\data\raw\train\Squamous cell carcinoma\ISIC_0025089.jpg,ISIC_0025089.jpg,train,Squamous cell carcinoma,.jpg,263.56,6c226ea8a30c1100a60ea0250a65b454a80f2a8fae857b55a8b79b7fb87de767,600,450,3,RGB,False
G:\My Drive\Document\S2 MSIT\Deep Learning\Assigment 1\Skin Disease\skin_disease_cnn_assignment\data\raw\train\Squamous cell carcinoma\ISIC_0025130.jpg,ISIC_0025130.jpg,train,Squamous cell carcinoma,.jpg,271.52,89a5c9e39d9bd83b8e390d04a2c79236617b40d6e237bec989beacb4488ef647,600,450,3,RGB,False
G:\My Drive\Document\S2 MSIT\Deep Learning\Assigment 1\Skin Disease\skin_disease_cnn_assignment\data\raw\train\Squamous cell carcinoma\ISIC_0025178.jpg,ISIC_0025178.jpg,train,Squamous cell carcinoma,.jpg,254.29,5540f05b960f7e3a8c0754728bfae34835c0222348c08fe29c23abdb4105a045,600,450,3,RGB,False
G:\My Drive\Document\S2 MSIT\Deep Learning\Assigment 1\Skin Disease\skin_disease_cnn_assignment\data\raw\train\Squamous cell carcinoma\ISIC_0025182.jpg,ISIC_0025182.jpg,train,Squamous cell carcinoma,.jpg,234.28,0c500c81ad9a3150e173ee782f47201ae7c87a86ed71d3b731e858e3424abf62,600,450,3,RGB,False
G:\My Drive\Document\S2 MSIT\Deep Learning\Assigment 1\Skin Disease\skin_disease_cnn_assignment\data\raw\train\Squamous cell carcinoma\ISIC_0025264.jpg,ISIC_0025264.jpg,train,Squamous cell carcinoma,.jpg,222.96,4443710c5bb2e1c86229018afa42419be4ffd58642fe2ce229254ef2a17e5d3b,600,450,3,RGB,False
G:\My Drive\Document\S2 MSIT\Deep Learning\Assigment 1\Skin Disease\skin_disease_cnn_assignment\data\raw\train\Squamous cell carcinoma\ISIC_0025319.jpg,ISIC_0025319.jpg,train,Squamous cell carcinoma,.jpg,242.06,508474f9aad776e2f16aa8be6a6312b42aaa42dd76420778383f1d66802a0741,600,450,3,RGB,False
G:\My Drive\Document\S2 MSIT\Deep Learning\Assigment 1\Skin Disease\skin_disease_cnn_assignment\data\raw\train\Squamous cell carcinoma\ISIC_0025331.jpg,ISIC_0025331.jpg,train,Squamous cell carcinoma,.jpg,236.66,46995f1ceb65d6c940c28f15f0b42ee24bc150c3f5edeac0d1c448f9645841f1,600,450,3,RGB,False
G:\My Drive\Document\S2 MSIT\Deep Learning\Assigment 1\Skin Disease\skin_disease_cnn_assignment\data\raw\train\Squamous cell carcinoma\ISIC_0025350.jpg,ISIC_0025350.jpg,train,Squamous cell carcinoma,.jpg,255.73,b2aaf7fc51aaa7c9c8f9876ed52b9db14ca5a7f5882743acbfcaa01f82f5ff75,600,450,3,RGB,False
G:\My Drive\Document\S2 MSIT\Deep Learning\Assigment 1\Skin Disease\skin_disease_cnn_assignment\data\raw\train\Squamous cell carcinoma\ISIC_0025358.jpg,ISIC_0025358.jpg,train,Squamous cell carcinoma,.jpg,223.2,863308be95b090f48bad882e8f2c8b430c3007c7424510f44253e6f42e52f92c,600,450,3,RGB,False
G:\My Drive\Document\S2 MSIT\Deep Learning\Assigment 1\Skin Disease\skin_disease_cnn_assignment\data\raw\train\Squamous cell carcinoma\ISIC_0025411.jpg,ISIC_0025411.jpg,train,Squamous cell carcinoma,.jpg,270.53,64fa49b2e429004e016b69f218ecf66181a30f310c5a4b511277c3860c0a17f1,600,450,3,RGB,False
G:\My Drive\Document\S2 MSIT\Deep Learning\Assigment 1\Skin Disease\skin_disease_cnn_assignment\data\raw\train\Squamous cell carcinoma\ISIC_0025471.jpg,ISIC_0025471.jpg,train,Squamous cell carcinoma,.jpg,211.46,646853b8a4b931a3c6aa6830f415fcd903553b70244ff3f2369ad3ebd47efa70,600,450,3,RGB,False
G:\My Drive\Document\S2 MSIT\Deep Learning\Assigment 1\Skin Disease\skin_disease_cnn_assignment\data\raw\train\Squamous cell carcinoma\ISIC_0025539.jpg,ISIC_0025539.jpg,train,Squamous cell carcinoma,.jpg,288.45,fab8861a3eb330ee208610c5ff0c33543054423faab5e946f320557f33af3c2c,600,450,3,RGB,False
G:\My Drive\Document\S2 MSIT\Deep Learning\Assigment 1\Skin Disease\skin_disease_cnn_assignment\data\raw\train\Squamous cell carcinoma\ISIC_0025577.jpg,ISIC_0025577.jpg,train,Squamous cell carcinoma,.jpg,232.87,60b983dc892970ccdaabd7e1ebd0269f5f5d462182a201a5f680721713cf602e,600,450,3,RGB,False
G:\My Drive\Document\S2 MSIT\Deep Learning\Assigment 1\Skin Disease\skin_disease_cnn_assignment\data\raw\train\Squamous cell carcinoma\ISIC_0025637.jpg,ISIC_0025637.jpg,train,Squamous cell carcinoma,.jpg,248.3,4f581cd6e50f28bfc0c740217188ad4dc72a9fe5dd39edc14a3d1bfd8c6c0818,600,450,3,RGB,False
G:\My Drive\Document\S2 MSIT\Deep Learning\Assigment 1\Skin Disease\skin_disease_cnn_assignment\data\raw\train\Squamous cell carcinoma\ISIC_0025696.jpg,ISIC_0025696.jpg,train,Squamous cell carcinoma,.jpg,267.42,c8f40c12b8c92fd69dbb188af761da588d24b5bb2a0c9d916084defb9eb8337a,600,450,3,RGB,False
G:\My Drive\Document\S2 MSIT\Deep Learning\Assigment 1\Skin Disease\skin_disease_cnn_assignment\data\raw\train\Squamous cell carcinoma\ISIC_0025790.jpg,ISIC_0025790.jpg,train,Squamous cell carcinoma,.jpg,226.41,5b42cf94f15e93944340996ff950314f8bb64093a2a43935f7938cb646d32b93,600,450,3,RGB,False
G:\My Drive\Document\S2 MSIT\Deep Learning\Assigment 1\Skin Disease\skin_disease_cnn_assignment\data\raw\train\Squamous cell carcinoma\ISIC_0025808.jpg,ISIC_0025808.jpg,train,Squamous cell carcinoma,.jpg,249.82,f434411d63bdceefc75842d3ab2cd2f7a43f3b26c510498ecc126129ce130559,600,450,3,RGB,False
G:\My Drive\Document\S2 MSIT\Deep Learning\Assigment 1\Skin Disease\skin_disease_cnn_assignment\data\raw\train\Squamous cell carcinoma\ISIC_0025811.jpg,ISIC_0025811.jpg,train,Squamous cell carcinoma,.jpg,241.33,c3720e1713d4c408f75d83ca34a071a5a03569cfa65b08f3f8815895cf2f238c,600,450,3,RGB,False
G:\My Drive\Document\S2 MSIT\Deep Learning\Assigment 1\Skin Disease\skin_disease_cnn_assignment\data\raw\train\Squamous cell carcinoma\ISIC_0025831.jpg,ISIC_0025831.jpg,train,Squamous cell carcinoma,.jpg,205.23,37dbfa394b3a1211b24cceb43abcdbeeca67efc0cb48209e36f7f943f96848b9,600,450,3,RGB,False
G:\My Drive\Document\S2 MSIT\Deep Learning\Assigment 1\Skin Disease\skin_disease_cnn_assignment\data\raw\train\Squamous cell carcinoma\ISIC_0026014.jpg,ISIC_0026014.jpg,train,Squamous cell carcinoma,.jpg,239.12,04ab6193867d93bd4c0d3938284b81b5495967c4291b900009b7f67dcb365885,600,450,3,RGB,False
G:\My Drive\Document\S2 MSIT\Deep Learning\Assigment 1\Skin Disease\skin_disease_cnn_assignment\data\raw\train\Squamous cell carcinoma\ISIC_0026083.jpg,ISIC_0026083.jpg,train,Squamous cell carcinoma,.jpg,240.55,e1d906d745ed1f7f6911e9b306a4faac43b79da8f7232f1fc293e3aa585eef9f,600,450,3,RGB,False
G:\My Drive\Document\S2 MSIT\Deep Learning\Assigment 1\Skin Disease\skin_disease_cnn_assignment\data\raw\train\Squamous cell carcinoma\ISIC_0026100.jpg,ISIC_0026100.jpg,train,Squamous cell carcinoma,.jpg,231.17,463089ba2a584067c7f9409a9058f60aee96f23aed9ab1555c7853f9295b78fe,600,450,3,RGB,False
G:\My Drive\Document\S2 MSIT\Deep Learning\Assigment 1\Skin Disease\skin_disease_cnn_assignment\data\raw\train\Squamous cell carcinoma\ISIC_0026138.jpg,ISIC_0026138.jpg,train,Squamous cell carcinoma,.jpg,276.05,d4cb281c25dd2fc78e977b6a75fd52c70ff794c33b775258b31ea14398e76f5e,600,450,3,RGB,False
G:\My Drive\Document\S2 MSIT\Deep Learning\Assigment 1\Skin Disease\skin_disease_cnn_assignment\data\raw\train\Squamous cell carcinoma\ISIC_0026152.jpg,ISIC_0026152.jpg,train,Squamous cell carcinoma,.jpg,293.35,ef0b0cb8584b54191a860da4df118d8846493db274ef79f234d8bf874259507b,600,450,3,RGB,False
G:\My Drive\Document\S2 MSIT\Deep Learning\Assigment 1\Skin Disease\skin_disease_cnn_assignment\data\raw\train\Squamous cell carcinoma\ISIC_0026203.jpg,ISIC_0026203.jpg,train,Squamous cell carcinoma,.jpg,209.81,65150c7c8793a10ad74910adfe883fce1a3d1c9b9c0caa9fdd6985f65293303e,600,450,3,RGB,False
G:\My Drive\Document\S2 MSIT\Deep Learning\Assigment 1\Skin Disease\skin_disease_cnn_assignment\data\raw\train\Squamous cell carcinoma\ISIC_0026319.jpg,ISIC_0026319.jpg,train,Squamous cell carcinoma,.jpg,254.91,cf3fdeced535f885b4587b9acd8fe710bb86e7771cb994540b17a97b505234ba,600,450,3,RGB,False
G:\My Drive\Document\S2 MSIT\Deep Learning\Assigment 1\Skin Disease\skin_disease_cnn_assignment\data\raw\train\Squamous cell carcinoma\ISIC_0026388.jpg,ISIC_0026388.jpg,train,Squamous cell carcinoma,.jpg,229.53,7f9f005ed360f1d861ab1451d3fb83054e0a823b894ef146045a56f8f4ae136e,600,450,3,RGB,False
G:\My Drive\Document\S2 MSIT\Deep Learning\Assigment 1\Skin Disease\skin_disease_cnn_assignment\data\raw\train\Squamous cell carcinoma\ISIC_0026411.jpg,ISIC_0026411.jpg,train,Squamous cell carcinoma,.jpg,308.81,fa086c184d08671a74483dfd1bf19c26995638e6557dffdb23bb4d2a4e592a96,600,450,3,RGB,False
G:\My Drive\Document\S2 MSIT\Deep Learning\Assigment 1\Skin Disease\skin_disease_cnn_assignment\data\raw\train\Squamous cell carcinoma\ISIC_0026466.jpg,ISIC_0026466.jpg,train,Squamous cell carcinoma,.jpg,224.04,74be90d7abc52c078448e6d2795dd922184310d2047f118d986ff3061271547a,600,450,3,RGB,False
G:\My Drive\Document\S2 MSIT\Deep Learning\Assigment 1\Skin Disease\skin_disease_cnn_assignment\data\raw\train\Squamous cell carcinoma\ISIC_0026492.jpg,ISIC_0026492.jpg,train,Squamous cell carcinoma,.jpg,268.86,74bbb0a50940d052144d85317fcf14c2f9a5e172ee3ec5f1bbc38113eb278a04,600,450,3,RGB,False
G:\My Drive\Document\S2 MSIT\Deep Learning\Assigment 1\Skin Disease\skin_disease_cnn_assignment\data\raw\train\Squamous cell carcinoma\ISIC_0026549.jpg,ISIC_0026549.jpg,train,Squamous cell carcinoma,.jpg,225.26,83142a9f1eeee587d7e44165b7c0d075fed7197dc1f9065790a2f06f0bfbf356,600,450,3,RGB,False
G:\My Drive\Document\S2 MSIT\Deep Learning\Assigment 1\Skin Disease\skin_disease_cnn_assignment\data\raw\train\Squamous cell carcinoma\ISIC_0026645.jpg,ISIC_0026645.jpg,train,Squamous cell carcinoma,.jpg,289.83,de4c9fa83fc279c77f3480d53426dfe3dcabc8ad26b4b9256fbb508d48ec616f,600,450,3,RGB,False
G:\My Drive\Document\S2 MSIT\Deep Learning\Assigment 1\Skin Disease\skin_disease_cnn_assignment\data\raw\train\Squamous cell carcinoma\ISIC_0026720.jpg,ISIC_0026720.jpg,train,Squamous cell carcinoma,.jpg,263.22,ef1b677f11f0c7d45d3d1212fbcf53e605b5e84c22590c1ea23350baa864e685,600,450,3,RGB,False
G:\My Drive\Document\S2 MSIT\Deep Learning\Assigment 1\Skin Disease\skin_disease_cnn_assignment\data\raw\train\Squamous cell carcinoma\ISIC_0026872.jpg,ISIC_0026872.jpg,train,Squamous cell carcinoma,.jpg,244.06,885e509ccf06d966278460000c9b7b5faaf25155a850c7d8c19c3422e250516e,600,450,3,RGB,False
G:\My Drive\Document\S2 MSIT\Deep Learning\Assigment 1\Skin Disease\skin_disease_cnn_assignment\data\raw\train\Squamous cell carcinoma\ISIC_0026927.jpg,ISIC_0026927.jpg,train,Squamous cell carcinoma,.jpg,243.35,b28e9355b933e1575f2c7a1bece8089b52539f983acf117e9d1dbfc507d98c58,600,450,3,RGB,False
G:\My Drive\Document\S2 MSIT\Deep Learning\Assigment 1\Skin Disease\skin_disease_cnn_assignment\data\raw\train\Squamous cell carcinoma\ISIC_0026992.jpg,ISIC_0026992.jpg,train,Squamous cell carcinoma,.jpg,292.59,5cefb96420f621c4f9f06100898a1f3f8deef5866f883a97146f20ebe46bada0,600,450,3,RGB,False
G:\My Drive\Document\S2 MSIT\Deep Learning\Assigment 1\Skin Disease\skin_disease_cnn_assignment\data\raw\train\Squamous cell carcinoma\ISIC_0027047.jpg,ISIC_0027047.jpg,train,Squamous cell carcinoma,.jpg,187.63,c72faca2069c9791032bb97592d57a2a03b80f83ec54737e9014ef94d8134b69,600,450,3,RGB,False
G:\My Drive\Document\S2 MSIT\Deep Learning\Assigment 1\Skin Disease\skin_disease_cnn_assignment\data\raw\train\Squamous cell carcinoma\ISIC_0027084.jpg,ISIC_0027084.jpg,train,Squamous cell carcinoma,.jpg,232.54,8345ba56ac723a812b2dfad7bdc240dc8d2e3fccdfeb109a716c46357d97ffd7,600,450,3,RGB,False
G:\My Drive\Document\S2 MSIT\Deep Learning\Assigment 1\Skin Disease\skin_disease_cnn_assignment\data\raw\train\Squamous cell carcinoma\ISIC_0027178.jpg,ISIC_0027178.jpg,train,Squamous cell carcinoma,.jpg,270.53,853eaa52ecbf880d28e39a995510114434fe2b545c155c5f08e60ebee1a083f2,600,450,3,RGB,False
G:\My Drive\Document\S2 MSIT\Deep Learning\Assigment 1\Skin Disease\skin_disease_cnn_assignment\data\raw\train\Squamous cell carcinoma\ISIC_0027184.jpg,ISIC_0027184.jpg,train,Squamous cell carcinoma,.jpg,256.42,ed22925d17c35afa50317d7836ee5fa27b0582d538ee519f6fbff707e53b2877,600,450,3,RGB,False
G:\My Drive\Document\S2 MSIT\Deep Learning\Assigment 1\Skin Disease\skin_disease_cnn_assignment\data\raw\train\Squamous cell carcinoma\ISIC_0027231.jpg,ISIC_0027231.jpg,train,Squamous cell carcinoma,.jpg,256.09,f97f15717b580136d3c8190ede3ccaa41dd40602c4549a4aa8be3e61fdc77638,600,450,3,RGB,False
G:\My Drive\Document\S2 MSIT\Deep Learning\Assigment 1\Skin Disease\skin_disease_cnn_assignment\data\raw\train\Squamous cell carcinoma\ISIC_0027343.jpg,ISIC_0027343.jpg,train,Squamous cell carcinoma,.jpg,193.53,d7c5a35ab755174b689642d51e5267989f20aa7447acb0ba3b3095063cda1f1a,600,450,3,RGB,False
G:\My Drive\Document\S2 MSIT\Deep Learning\Assigment 1\Skin Disease\skin_disease_cnn_assignment\data\raw\train\Squamous cell carcinoma\ISIC_0027506.jpg,ISIC_0027506.jpg,train,Squamous cell carcinoma,.jpg,270.1,6a68ebcd6278b81e95d02e335b1bf8f02c4e42b8cb571659045c5cf779f2e295,600,450,3,RGB,False
G:\My Drive\Document\S2 MSIT\Deep Learning\Assigment 1\Skin Disease\skin_disease_cnn_assignment\data\raw\train\Squamous cell carcinoma\ISIC_0027529.jpg,ISIC_0027529.jpg,train,Squamous cell carcinoma,.jpg,229.81,3de4991adad03a40d8656008166bdca55da53a821137cd9c98be6eb9453ddf03,600,450,3,RGB,False
G:\My Drive\Document\S2 MSIT\Deep Learning\Assigment 1\Skin Disease\skin_disease_cnn_assignment\data\raw\train\Squamous cell carcinoma\ISIC_0027550.jpg,ISIC_0027550.jpg,train,Squamous cell carcinoma,.jpg,315.15,19fbb41882aef3d7c2672d0deb9c89b6050fa114c93f012b9dfc37ad36e1c827,600,450,3,RGB,False
G:\My Drive\Document\S2 MSIT\Deep Learning\Assigment 1\Skin Disease\skin_disease_cnn_assignment\data\raw\train\Squamous cell carcinoma\ISIC_0027577.jpg,ISIC_0027577.jpg,train,Squamous cell carcinoma,.jpg,282.96,1dfd0667f325f6b13b0db33f0f77e9065f93986c17b83ef392dcdc58c845942a,600,450,3,RGB,False
G:\My Drive\Document\S2 MSIT\Deep Learning\Assigment 1\Skin Disease\skin_disease_cnn_assignment\data\raw\train\Squamous cell carcinoma\ISIC_0027678.jpg,ISIC_0027678.jpg,train,Squamous cell carcinoma,.jpg,266.93,0798cfc7f259809a1a7afd38b30f3f6030a2b5d11a9d3f55eb79804f0662a300,600,450,3,RGB,False
G:\My Drive\Document\S2 MSIT\Deep Learning\Assigment 1\Skin Disease\skin_disease_cnn_assignment\data\raw\train\Squamous cell carcinoma\ISIC_0027700.jpg,ISIC_0027700.jpg,train,Squamous cell carcinoma,.jpg,271.51,0723a0481d4610c56f73f2ccc86327974a09cac1f1f9518deef1cd3be5291fdd,600,450,3,RGB,False
G:\My Drive\Document\S2 MSIT\Deep Learning\Assigment 1\Skin Disease\skin_disease_cnn_assignment\data\raw\train\Squamous cell carcinoma\ISIC_0027719.jpg,ISIC_0027719.jpg,train,Squamous cell carcinoma,.jpg,217.26,d80b18347070e23a04028c58d824ff2dccda570cfc23302f849c5a3f2af69847,600,450,3,RGB,False
G:\My Drive\Document\S2 MSIT\Deep Learning\Assigment 1\Skin Disease\skin_disease_cnn_assignment\data\raw\train\Squamous cell carcinoma\ISIC_0027767.jpg,ISIC_0027767.jpg,train,Squamous cell carcinoma,.jpg,288.04,d56edbe493357ed17dd1741a406901ae03fc872bc1b3710de72b4dcda7122c9d,600,450,3,RGB,False
G:\My Drive\Document\S2 MSIT\Deep Learning\Assigment 1\Skin Disease\skin_disease_cnn_assignment\data\raw\train\Squamous cell carcinoma\ISIC_0027930.jpg,ISIC_0027930.jpg,train,Squamous cell carcinoma,.jpg,360.99,5f5e67c74c123ef3ab8f3af1c62a5587bc0dc61518a2deea8efc8ab5e3d41484,600,450,3,RGB,False
G:\My Drive\Document\S2 MSIT\Deep Learning\Assigment 1\Skin Disease\skin_disease_cnn_assignment\data\raw\train\Squamous cell carcinoma\ISIC_0028132.jpg,ISIC_0028132.jpg,train,Squamous cell carcinoma,.jpg,248.86,219d3cfdde71dc466e515fc5ea0c2e29fa60e20c89aa2d6e79087a324e94068d,600,450,3,RGB,False
G:\My Drive\Document\S2 MSIT\Deep Learning\Assigment 1\Skin Disease\skin_disease_cnn_assignment\data\raw\train\Squamous cell carcinoma\ISIC_0028158.jpg,ISIC_0028158.jpg,train,Squamous cell carcinoma,.jpg,204.37,e951571e423a8b381743f9f43eb3dc3a3a1028ef3334803579d719beb409fa30,600,450,3,RGB,False
G:\My Drive\Document\S2 MSIT\Deep Learning\Assigment 1\Skin Disease\skin_disease_cnn_assignment\data\raw\train\Squamous cell carcinoma\ISIC_0028224.jpg,ISIC_0028224.jpg,train,Squamous cell carcinoma,.jpg,242.93,835d9dc495a75360e79e19a44e390898ee0c138bc3bd19b53db2a401756de241,600,450,3,RGB,False
G:\My Drive\Document\S2 MSIT\Deep Learning\Assigment 1\Skin Disease\skin_disease_cnn_assignment\data\raw\train\Squamous cell carcinoma\ISIC_0028231.jpg,ISIC_0028231.jpg,train,Squamous cell carcinoma,.jpg,278.81,ae74904d1958bc29ab746f6294e428acd6a2729900690631abd9dbc46f2c3f90,600,450,3,RGB,False
G:\My Drive\Document\S2 MSIT\Deep Learning\Assigment 1\Skin Disease\skin_disease_cnn_assignment\data\raw\train\Squamous cell carcinoma\ISIC_0028232.jpg,ISIC_0028232.jpg,train,Squamous cell carcinoma,.jpg,216.48,841c91253b357bac86c1f7e6e871bf5732d11ee53dd6edc6786007cc892c186d,600,450,3,RGB,False
G:\My Drive\Document\S2 MSIT\Deep Learning\Assigment 1\Skin Disease\skin_disease_cnn_assignment\data\raw\train\Squamous cell carcinoma\ISIC_0028335.jpg,ISIC_0028335.jpg,train,Squamous cell carcinoma,.jpg,234.15,34391878583cf98580cd9a14372fdc7ed110e0379b54169d1ac93ccaf0c5ff88,600,450,3,RGB,False
G:\My Drive\Document\S2 MSIT\Deep Learning\Assigment 1\Skin Disease\skin_disease_cnn_assignment\data\raw\train\Squamous cell carcinoma\ISIC_0028372.jpg,ISIC_0028372.jpg,train,Squamous cell carcinoma,.jpg,259.42,4c1a86ab9faa108242333fe18c7edbd85d3c4f5f5386399c6eb174d8bfd88224,600,450,3,RGB,False
G:\My Drive\Document\S2 MSIT\Deep Learning\Assigment 1\Skin Disease\skin_disease_cnn_assignment\data\raw\train\Squamous cell carcinoma\ISIC_0028381.jpg,ISIC_0028381.jpg,train,Squamous cell carcinoma,.jpg,266.79,ee829d4b94b2a0fb0f044e08d0d48c4aff57da73d838f0b9980f3dc2b74f7035,600,450,3,RGB,False
G:\My Drive\Document\S2 MSIT\Deep Learning\Assigment 1\Skin Disease\skin_disease_cnn_assignment\data\raw\train\Squamous cell carcinoma\ISIC_0028499.jpg,ISIC_0028499.jpg,train,Squamous cell carcinoma,.jpg,221.88,18abaf3d705c1e026237414cb274b389466c908b868e2d4b6260aa6dd7d36973,600,450,3,RGB,False
G:\My Drive\Document\S2 MSIT\Deep Learning\Assigment 1\Skin Disease\skin_disease_cnn_assignment\data\raw\train\Squamous cell carcinoma\ISIC_0028644.jpg,ISIC_0028644.jpg,train,Squamous cell carcinoma,.jpg,244.34,5fcee17c7f7be3d4e1ef09b936704dfdf6d1efb5b510ecda3b95f3117f85d93f,600,450,3,RGB,False
G:\My Drive\Document\S2 MSIT\Deep Learning\Assigment 1\Skin Disease\skin_disease_cnn_assignment\data\raw\train\Squamous cell carcinoma\ISIC_0028659.jpg,ISIC_0028659.jpg,train,Squamous cell carcinoma,.jpg,293.85,f7291636a9f121e10eccbea31b443690c50413c331c58b2741e907331104a942,600,450,3,RGB,False
G:\My Drive\Document\S2 MSIT\Deep Learning\Assigment 1\Skin Disease\skin_disease_cnn_assignment\data\raw\train\Squamous cell carcinoma\ISIC_0028730.jpg,ISIC_0028730.jpg,train,Squamous cell carcinoma,.jpg,266.31,e6b85d7012fbc2d5d40b715c8be18e57637734fda494c1984ef98350f293a050,600,450,3,RGB,False
G:\My Drive\Document\S2 MSIT\Deep Learning\Assigment 1\Skin Disease\skin_disease_cnn_assignment\data\raw\train\Squamous cell carcinoma\ISIC_0028763.jpg,ISIC_0028763.jpg,train,Squamous cell carcinoma,.jpg,251.64,18b376d6ef91af23d1a59feb6d7be0b13394c72c7558404628e0a46fdb02b6ad,600,450,3,RGB,False
G:\My Drive\Document\S2 MSIT\Deep Learning\Assigment 1\Skin Disease\skin_disease_cnn_assignment\data\raw\train\Squamous cell carcinoma\ISIC_0028816.jpg,ISIC_0028816.jpg,train,Squamous cell carcinoma,.jpg,220.58,807ed38e850d26eab670bcc58df35326caa3159dac65e7934879710e79138369,600,450,3,RGB,False
G:\My Drive\Document\S2 MSIT\Deep Learning\Assigment 1\Skin Disease\skin_disease_cnn_assignment\data\raw\train\Squamous cell carcinoma\ISIC_0028872.jpg,ISIC_0028872.jpg,train,Squamous cell carcinoma,.jpg,229.24,68481f314093951f84f24dbdaf7dcb79372d6a0e80e02d8458b55dc2ba621c7e,600,450,3,RGB,False
G:\My Drive\Document\S2 MSIT\Deep Learning\Assigment 1\Skin Disease\skin_disease_cnn_assignment\data\raw\train\Squamous cell carcinoma\ISIC_0029043.jpg,ISIC_0029043.jpg,train,Squamous cell carcinoma,.jpg,224.23,55d221f67609bcbad66e1d6670501bb06ebfceee18e2ce794531835af00e82b1,600,450,3,RGB,False
G:\My Drive\Document\S2 MSIT\Deep Learning\Assigment 1\Skin Disease\skin_disease_cnn_assignment\data\raw\train\Tinea Ringworm Candidiasis\148018-1.jpg,148018-1.jpg,train,Tinea Ringworm Candidiasis,.jpg,28.56,bada25f0b93a9e05c0f7c943028b4739defb2579eca2fe771893af0fbe4df790,234,271,3,RGB,False
G:\My Drive\Document\S2 MSIT\Deep Learning\Assigment 1\Skin Disease\skin_disease_cnn_assignment\data\raw\train\Tinea Ringworm Candidiasis\148018.jpg,148018.jpg,train,Tinea Ringworm Candidiasis,.jpg,27.41,e8237e52fe0163542b3fa8ca952e30da75718d54e67964be3a6db0853e0dfd68,229,262,3,RGB,False
G:\My Drive\Document\S2 MSIT\Deep Learning\Assigment 1\Skin Disease\skin_disease_cnn_assignment\data\raw\train\Tinea Ringworm Candidiasis\15997525228_30a0f1256f_z.jpg,15997525228_30a0f1256f_z.jpg,train,Tinea Ringworm Candidiasis,.jpg,54.57,1d90f076b0ca14e27d26d3db4c476ec74af2a14ddecc1a57ad8c061b77729966,224,357,3,RGB,False
"G:\My Drive\Document\S2 MSIT\Deep Learning\Assigment 1\Skin Disease\skin_disease_cnn_assignment\data\raw\train\Tinea Ringworm Candidiasis\300px-Ringworm_on_the_arm,_or_tinea_corporis_due_to_Trichophyton_mentagrophytes_PHIL_2938_lores.jpg","300px-Ringworm_on_the_arm,_or_tinea_corporis_due_to_Trichophyton_mentagrophytes_PHIL_2938_lores.jpg",train,Tinea Ringworm Candidiasis,.jpg,18.0,694c103bcf35871123ee49d12ad3c4588bedc2a258583e69f426618083e29728,300,213,3,RGB,False
G:\My Drive\Document\S2 MSIT\Deep Learning\Assigment 1\Skin Disease\skin_disease_cnn_assignment\data\raw\train\Tinea Ringworm Candidiasis\afp20030101p101-f1.jpg,afp20030101p101-f1.jpg,train,Tinea Ringworm Candidiasis,.jpg,40.56,0c07646e73376d9c62b244ed5803bb59d7ccef5431c12a0323264cc1d2a09a8e,177,189,3,RGB,False
G:\My Drive\Document\S2 MSIT\Deep Learning\Assigment 1\Skin Disease\skin_disease_cnn_assignment\data\raw\train\Tinea Ringworm Candidiasis\afp20080515p1415-f2.jpg,afp20080515p1415-f2.jpg,train,Tinea Ringworm Candidiasis,.jpg,65.21,28ce38c3d706bafe7f8858d4a5cf044dada4bf39c5e064a0c7c40b9a8df0474f,270,210,3,RGB,False
G:\My Drive\Document\S2 MSIT\Deep Learning\Assigment 1\Skin Disease\skin_disease_cnn_assignment\data\raw\train\Tinea Ringworm Candidiasis\aug_0_11046_2008_9101_Fig2_HTML.jpg,aug_0_11046_2008_9101_Fig2_HTML.jpg,train,Tinea Ringworm Candidiasis,.jpg,4.48,782268de2c7f8ac6af7c738faaee2f5ffd0f8710115a32e7b9a35883065247b9,157,119,3,RGB,False
G:\My Drive\Document\S2 MSIT\Deep Learning\Assigment 1\Skin Disease\skin_disease_cnn_assignment\data\raw\train\Tinea Ringworm Candidiasis\aug_0_1200px-Oberflachlicher_Hautpilz.jpg,aug_0_1200px-Oberflachlicher_Hautpilz.jpg,train,Tinea Ringworm Candidiasis,.jpg,111.2,22602e17786568558e2a89e78942f1212c890dcad44d76d6b567094f35180d54,874,678,3,RGB,False
G:\My Drive\Document\S2 MSIT\Deep Learning\Assigment 1\Skin Disease\skin_disease_cnn_assignment\data\raw\train\Tinea Ringworm Candidiasis\aug_0_15436_lores.jpg,aug_0_15436_lores.jpg,train,Tinea Ringworm Candidiasis,.jpg,22.61,cd01940139b702ed0af21c7d05ac6c583617a4ed4dfbf1c0f6bc2377b9c04bb0,358,434,3,RGB,False
G:\My Drive\Document\S2 MSIT\Deep Learning\Assigment 1\Skin Disease\skin_disease_cnn_assignment\data\raw\train\Tinea Ringworm Candidiasis\aug_0_241-1.jpg,aug_0_241-1.jpg,train,Tinea Ringworm Candidiasis,.jpg,25.08,e47bc492c6d744b61b2f1c804f4ed327bae1e0b71fed3cb6478ca8dee5aa0824,500,368,3,RGB,False
"G:\My Drive\Document\S2 MSIT\Deep Learning\Assigment 1\Skin Disease\skin_disease_cnn_assignment\data\raw\train\Tinea Ringworm Candidiasis\aug_0_300px-Ringworm_on_the_arm,_or_tinea_corporis_due_to_Trichophyton_mentagrophytes_PHIL_2938_lores.jpg","aug_0_300px-Ringworm_on_the_arm,_or_tinea_corporis_due_to_Trichophyton_mentagrophytes_PHIL_2938_lores.jpg",train,Tinea Ringworm Candidiasis,.jpg,16.54,a6fc99c0b4ba9b1069d0d44f535f605b0ea0db2bd8dafe7269e2f75b1e79c68a,300,213,3,RGB,False
G:\My Drive\Document\S2 MSIT\Deep Learning\Assigment 1\Skin Disease\skin_disease_cnn_assignment\data\raw\train\Tinea Ringworm Candidiasis\aug_0_B9780702044496000291_f029-001-9780702044496.jpg,aug_0_B9780702044496000291_f029-001-9780702044496.jpg,train,Tinea Ringworm Candidiasis,.jpg,1.52,39f3988380866da183728a70ff7008c80be52cf2e1ceb3c4dbc96ee4d8bc6cdc,81,76,3,RGB,False
G:\My Drive\Document\S2 MSIT\Deep Learning\Assigment 1\Skin Disease\skin_disease_cnn_assignment\data\raw\train\Tinea Ringworm Candidiasis\aug_0_Cv-1.png,aug_0_Cv-1.png,train,Tinea Ringworm Candidiasis,.png,15.32,c6980d3d83f9a8322d6db178ff6a224c2f7362d07a8ef5f3f3a856573796ec49,72,137,3,RGB,False
G:\My Drive\Document\S2 MSIT\Deep Learning\Assigment 1\Skin Disease\skin_disease_cnn_assignment\data\raw\train\Tinea Ringworm Candidiasis\aug_0_Daad-khujli-kya-hai-or-daad-ka-treatment-ilaj-in-Hindi.jpg,aug_0_Daad-khujli-kya-hai-or-daad-ka-treatment-ilaj-in-Hindi.jpg,train,Tinea Ringworm Candidiasis,.jpg,10.02,0f8651e0362f2d58ac494479333c3760d25e39f70b4808a02af8e3f41b507c6e,189,244,3,RGB,False
G:\My Drive\Document\S2 MSIT\Deep Learning\Assigment 1\Skin Disease\skin_disease_cnn_assignment\data\raw\train\Tinea Ringworm Candidiasis\aug_0_Direct-microscopic-examination-revealed-endothrix-infection-with-chains-of-conidia-in-and_Q320.jpg,aug_0_Direct-microscopic-examination-revealed-endothrix-infection-with-chains-of-conidia-in-and_Q320.jpg,train,Tinea Ringworm Candidiasis,.jpg,14.87,aa43d222155fe335b3773f48685662a8d7d298f5f229ba9544ff5b97e51d139b,208,222,3,RGB,False
G:\My Drive\Document\S2 MSIT\Deep Learning\Assigment 1\Skin Disease\skin_disease_cnn_assignment\data\raw\train\Tinea Ringworm Candidiasis\aug_0_F2.large.jpg,aug_0_F2.large.jpg,train,Tinea Ringworm Candidiasis,.jpg,47.92,2092b2af10e1bc71497b52c7c12a14d988fe2ba5a4a9530bef028c328a80d32d,1083,1280,3,RGB,False
G:\My Drive\Document\S2 MSIT\Deep Learning\Assigment 1\Skin Disease\skin_disease_cnn_assignment\data\raw\train\Tinea Ringworm Candidiasis\aug_0_IJD-62-227-g006.jpg,aug_0_IJD-62-227-g006.jpg,train,Tinea Ringworm Candidiasis,.jpg,36.95,7619bf91d41f7ca0bc6ed84f48c57841e1a898161381c2fb8226d0c322128954,344,524,3,RGB,False
G:\My Drive\Document\S2 MSIT\Deep Learning\Assigment 1\Skin Disease\skin_disease_cnn_assignment\data\raw\train\Tinea Ringworm Candidiasis\aug_0_Rid-of-Ringworm-HS001.jpg,aug_0_Rid-of-Ringworm-HS001.jpg,train,Tinea Ringworm Candidiasis,.jpg,47.7,8e0a114ae7f81c37bf470be668ccdfc6808cc42d2e37a3d604b20426b6857a0e,741,494,3,RGB,False
G:\My Drive\Document\S2 MSIT\Deep Learning\Assigment 1\Skin Disease\skin_disease_cnn_assignment\data\raw\train\Tinea Ringworm Candidiasis\aug_0_Ringworm (7).jpg,aug_0_Ringworm (7).jpg,train,Tinea Ringworm Candidiasis,.jpg,28.62,dea623a691731973b4df5dc14522b8a2f532c67f434bf08a1dd6a159db01c4d9,606,544,3,RGB,False
G:\My Drive\Document\S2 MSIT\Deep Learning\Assigment 1\Skin Disease\skin_disease_cnn_assignment\data\raw\train\Tinea Ringworm Candidiasis\aug_0_Ringworm-The-identifying-ring-shaped-rash-2486729.jpg,aug_0_Ringworm-The-identifying-ring-shaped-rash-2486729.jpg,train,Tinea Ringworm Candidiasis,.jpg,26.81,df3302269415544b8ee455bf16582cfd36430371b1fdd7970127855eaae7f0a7,590,350,3,RGB,False
G:\My Drive\Document\S2 MSIT\Deep Learning\Assigment 1\Skin Disease\skin_disease_cnn_assignment\data\raw\train\Tinea Ringworm Candidiasis\aug_0_Ringworm-Titel.jpg,aug_0_Ringworm-Titel.jpg,train,Tinea Ringworm Candidiasis,.jpg,65.61,9717bbbcdb464b1a6c4f96af3a1a207b83c90c67b63cdcc3a600f521e0a5c1b2,422,428,3,RGB,False
G:\My Drive\Document\S2 MSIT\Deep Learning\Assigment 1\Skin Disease\skin_disease_cnn_assignment\data\raw\train\Tinea Ringworm Candidiasis\aug_0_Ringworm-sm.jpg,aug_0_Ringworm-sm.jpg,train,Tinea Ringworm Candidiasis,.jpg,17.2,46e331ac2ea8be73612fb6518b2788367b745430c4b7a7c6f6aaffdfe486c0cf,364,261,3,RGB,False
G:\My Drive\Document\S2 MSIT\Deep Learning\Assigment 1\Skin Disease\skin_disease_cnn_assignment\data\raw\train\Tinea Ringworm Candidiasis\aug_0_S_1017_Pityriais_rosea_M2400164.max-600x600.jpg,aug_0_S_1017_Pityriais_rosea_M2400164.max-600x600.jpg,train,Tinea Ringworm Candidiasis,.jpg,85.5,abdf014dfd93c1592cb73ad3d526bd999abf9cbe42108aa9a43822b31f889453,600,399,3,RGB,False
G:\My Drive\Document\S2 MSIT\Deep Learning\Assigment 1\Skin Disease\skin_disease_cnn_assignment\data\raw\train\Tinea Ringworm Candidiasis\aug_0_Screenshot 2021-09-14 112100.png,aug_0_Screenshot 2021-09-14 112100.png,train,Tinea Ringworm Candidiasis,.png,333.35,b70842a58abf76ee8dfe9b0a9dabd7d47daf07184b421f6bf93064267ea99fbe,416,458,3,RGB,False
G:\My Drive\Document\S2 MSIT\Deep Learning\Assigment 1\Skin Disease\skin_disease_cnn_assignment\data\raw\train\Tinea Ringworm Candidiasis\aug_0_Screenshot 2021-09-14 112113.png,aug_0_Screenshot 2021-09-14 112113.png,train,Tinea Ringworm Candidiasis,.png,1048.68,389bd63646ef395b9dee6d18c45add8cb9b2892b2ce8f34066fbea02378ab9e8,883,808,3,RGB,False
G:\My Drive\Document\S2 MSIT\Deep Learning\Assigment 1\Skin Disease\skin_disease_cnn_assignment\data\raw\train\Tinea Ringworm Candidiasis\aug_0_Screenshot 2021-09-14 112140.png,aug_0_Screenshot 2021-09-14 112140.png,train,Tinea Ringworm Candidiasis,.png,335.83,d437debcb89fda893c18ca40c94ed25eb3cb1f7bdc7fc56b4efefddcce15f8c2,642,468,3,RGB,False
G:\My Drive\Document\S2 MSIT\Deep Learning\Assigment 1\Skin Disease\skin_disease_cnn_assignment\data\raw\train\Tinea Ringworm Candidiasis\aug_0_Screenshot 2021-09-14 112150.png,aug_0_Screenshot 2021-09-14 112150.png,train,Tinea Ringworm Candidiasis,.png,128.44,579e1569a171b7126a9ae1e8ba00c3b9419eef2c25d1f83d0a30cfa43d7e1488,497,400,3,RGB,False
G:\My Drive\Document\S2 MSIT\Deep Learning\Assigment 1\Skin Disease\skin_disease_cnn_assignment\data\raw\train\Tinea Ringworm Candidiasis\aug_0_Screenshot 2021-09-14 112208.png,aug_0_Screenshot 2021-09-14 112208.png,train,Tinea Ringworm Candidiasis,.png,118.26,87745466f4a42014e78934ae32b7ba7fd18ea7653ea2f4845290e6de20274458,400,432,3,RGB,False
G:\My Drive\Document\S2 MSIT\Deep Learning\Assigment 1\Skin Disease\skin_disease_cnn_assignment\data\raw\train\Tinea Ringworm Candidiasis\aug_0_Screenshot 2021-09-14 112538.png,aug_0_Screenshot 2021-09-14 112538.png,train,Tinea Ringworm Candidiasis,.png,139.75,155990d0425df9d482d2fb9df8ceb49a710d34d4b4862a2a8efcd71b3b1a226b,490,527,3,RGB,False
G:\My Drive\Document\S2 MSIT\Deep Learning\Assigment 1\Skin Disease\skin_disease_cnn_assignment\data\raw\train\Tinea Ringworm Candidiasis\aug_0_Screenshot 2021-09-14 112600.png,aug_0_Screenshot 2021-09-14 112600.png,train,Tinea Ringworm Candidiasis,.png,60.66,a6e241b3b2900721cbe3212a039ddfa3949384a19b42de2e435625083e5a9374,277,293,3,RGB,False
G:\My Drive\Document\S2 MSIT\Deep Learning\Assigment 1\Skin Disease\skin_disease_cnn_assignment\data\raw\train\Tinea Ringworm Candidiasis\aug_0_Screenshot 2021-09-14 112621.png,aug_0_Screenshot 2021-09-14 112621.png,train,Tinea Ringworm Candidiasis,.png,80.44,ca27c6118fb537bc8753a46303d45fbd9cfadca743c5d71c6c7f6c2b2fe7f6b7,300,290,3,RGB,False
G:\My Drive\Document\S2 MSIT\Deep Learning\Assigment 1\Skin Disease\skin_disease_cnn_assignment\data\raw\train\Tinea Ringworm Candidiasis\aug_0_Screenshot 2021-09-14 112636.png,aug_0_Screenshot 2021-09-14 112636.png,train,Tinea Ringworm Candidiasis,.png,134.2,187f2df7aa1d3bab0cd8fc0bc1083fc20ffae946818f8cc7ed75b855621fdd2b,287,357,3,RGB,False
G:\My Drive\Document\S2 MSIT\Deep Learning\Assigment 1\Skin Disease\skin_disease_cnn_assignment\data\raw\train\Tinea Ringworm Candidiasis\aug_0_Screenshot 2021-09-14 112650.png,aug_0_Screenshot 2021-09-14 112650.png,train,Tinea Ringworm Candidiasis,.png,86.95,d2d83c48540d38baf3871c6ae38a67259ffad4bb79045886cec9fdc1c4739959,308,362,3,RGB,False
G:\My Drive\Document\S2 MSIT\Deep Learning\Assigment 1\Skin Disease\skin_disease_cnn_assignment\data\raw\train\Tinea Ringworm Candidiasis\aug_0_Screenshot 2021-09-14 112815.png,aug_0_Screenshot 2021-09-14 112815.png,train,Tinea Ringworm Candidiasis,.png,102.08,f26eb5d1dbb43e0dd4bc4450c0a320320527b6fd0da3c5727a0b313717f32059,521,445,3,RGB,False
G:\My Drive\Document\S2 MSIT\Deep Learning\Assigment 1\Skin Disease\skin_disease_cnn_assignment\data\raw\train\Tinea Ringworm Candidiasis\aug_0_Screenshot 2021-09-14 112827.png,aug_0_Screenshot 2021-09-14 112827.png,train,Tinea Ringworm Candidiasis,.png,556.64,0e642b55b158aa9792c376b50f379bf722e3f14ae7dc6270c8803a714dfcdedc,740,630,3,RGB,False
G:\My Drive\Document\S2 MSIT\Deep Learning\Assigment 1\Skin Disease\skin_disease_cnn_assignment\data\raw\train\Tinea Ringworm Candidiasis\aug_0_Screenshot 2021-09-14 112859.png,aug_0_Screenshot 2021-09-14 112859.png,train,Tinea Ringworm Candidiasis,.png,204.83,c09ef10212fda4827c35398180c98caa2ea02f73a97c8ecd56f8a5a61ae518af,716,452,3,RGB,False
G:\My Drive\Document\S2 MSIT\Deep Learning\Assigment 1\Skin Disease\skin_disease_cnn_assignment\data\raw\train\Tinea Ringworm Candidiasis\aug_0_Screenshot 2021-09-14 112937.png,aug_0_Screenshot 2021-09-14 112937.png,train,Tinea Ringworm Candidiasis,.png,223.77,3461381378b43fe3dd85743466f3e2ca2f4a8c3027a40aaa6b196d0efa3e09bf,788,502,3,RGB,False
G:\My Drive\Document\S2 MSIT\Deep Learning\Assigment 1\Skin Disease\skin_disease_cnn_assignment\data\raw\train\Tinea Ringworm Candidiasis\aug_0_Screenshot 2021-09-14 112945.png,aug_0_Screenshot 2021-09-14 112945.png,train,Tinea Ringworm Candidiasis,.png,530.43,5a15e34b69a8a74975da1f6c4e960f734f8bab7641ecd3d02d9448f2510005bf,738,517,3,RGB,False
G:\My Drive\Document\S2 MSIT\Deep Learning\Assigment 1\Skin Disease\skin_disease_cnn_assignment\data\raw\train\Tinea Ringworm Candidiasis\aug_0_afp20030101p101-f1.jpg,aug_0_afp20030101p101-f1.jpg,train,Tinea Ringworm Candidiasis,.jpg,11.46,cc905107d688bf582ffbfc17d635dc4bdf55aa430fcb93b3eabaf1c771147100,177,189,3,RGB,False
G:\My Drive\Document\S2 MSIT\Deep Learning\Assigment 1\Skin Disease\skin_disease_cnn_assignment\data\raw\train\Tinea Ringworm Candidiasis\aug_0_afp20080515p1415-f2.jpg,aug_0_afp20080515p1415-f2.jpg,train,Tinea Ringworm Candidiasis,.jpg,28.36,a00af53737f74217a54f4a1261ccaa9d733eb4296781832b94cc058deb233c98,270,210,3,RGB,False
G:\My Drive\Document\S2 MSIT\Deep Learning\Assigment 1\Skin Disease\skin_disease_cnn_assignment\data\raw\train\Tinea Ringworm Candidiasis\aug_0_afp20141115p702-f1.jpg,aug_0_afp20141115p702-f1.jpg,train,Tinea Ringworm Candidiasis,.jpg,30.27,c54ecfebd66391d7620760762cd86e45e7ba74d29870a8a17a7e40804dcbfe43,300,249,3,RGB,False
G:\My Drive\Document\S2 MSIT\Deep Learning\Assigment 1\Skin Disease\skin_disease_cnn_assignment\data\raw\train\Tinea Ringworm Candidiasis\aug_0_article_2083_cover_en_US.jpg,aug_0_article_2083_cover_en_US.jpg,train,Tinea Ringworm Candidiasis,.jpg,88.26,8cb63446cfe2d203104775559ea30078c4109a7dcb1cac45a9df60afa11ca2b8,604,434,3,RGB,False
G:\My Drive\Document\S2 MSIT\Deep Learning\Assigment 1\Skin Disease\skin_disease_cnn_assignment\data\raw\train\Tinea Ringworm Candidiasis\aug_0_dermatomycosis-corporis-3.jpg,aug_0_dermatomycosis-corporis-3.jpg,train,Tinea Ringworm Candidiasis,.jpg,38.18,96c6314000b100d7f35e7be2f12400bda48d16c2fe6d9b9df3b50be741f75c70,567,386,3,RGB,False
G:\My Drive\Document\S2 MSIT\Deep Learning\Assigment 1\Skin Disease\skin_disease_cnn_assignment\data\raw\train\Tinea Ringworm Candidiasis\aug_0_gWKFl81gOGebKIRUWg13lgp-O7X7GXiX1IOOqXBw-f2w.jpg,aug_0_gWKFl81gOGebKIRUWg13lgp-O7X7GXiX1IOOqXBw-f2w.jpg,train,Tinea Ringworm Candidiasis,.jpg,277.05,5c2913996d2af2b290a6a90581823569cce5f124af42aba1222321da121fbd66,1200,680,3,RGB,False
G:\My Drive\Document\S2 MSIT\Deep Learning\Assigment 1\Skin Disease\skin_disease_cnn_assignment\data\raw\train\Tinea Ringworm Candidiasis\aug_0_gr6.jpg,aug_0_gr6.jpg,train,Tinea Ringworm Candidiasis,.jpg,13.29,227724ebc14907ced3fda42ddc0ae3ef20c93dc40c2fb6ec7e15d81b224b41bc,297,185,3,RGB,False
G:\My Drive\Document\S2 MSIT\Deep Learning\Assigment 1\Skin Disease\skin_disease_cnn_assignment\data\raw\train\Tinea Ringworm Candidiasis\aug_0_image.png,aug_0_image.png,train,Tinea Ringworm Candidiasis,.png,232.16,d3aa5a9d12b5dbafea2669bf8f24649c6c7aa3bfe677e4724ee494a8419d1000,512,341,3,RGB,False
G:\My Drive\Document\S2 MSIT\Deep Learning\Assigment 1\Skin Disease\skin_disease_cnn_assignment\data\raw\train\Tinea Ringworm Candidiasis\aug_0_img200811101425_lg.jpg,aug_0_img200811101425_lg.jpg,train,Tinea Ringworm Candidiasis,.jpg,43.71,d3b0997c256a9563ecde1a18f2d7325ad42889825cd1fbe3ee1a1c683c988afa,915,985,3,RGB,False
G:\My Drive\Document\S2 MSIT\Deep Learning\Assigment 1\Skin Disease\skin_disease_cnn_assignment\data\raw\train\Tinea Ringworm Candidiasis\aug_0_maxresdefault.jpg,aug_0_maxresdefault.jpg,train,Tinea Ringworm Candidiasis,.jpg,43.92,e23937f6fc024e351f83dbef18542e760db5bacdf5c4455632279efa5c1ddbe6,605,554,3,RGB,False
G:\My Drive\Document\S2 MSIT\Deep Learning\Assigment 1\Skin Disease\skin_disease_cnn_assignment\data\raw\train\Tinea Ringworm Candidiasis\aug_0_nejmicm1013871_f1.jpeg,aug_0_nejmicm1013871_f1.jpeg,train,Tinea Ringworm Candidiasis,.jpeg,57.17,494d129ec52a58c07641df84f3671fc0b29eed13ed3be61552bc49d87c3b0b5a,1008,756,3,RGB,False
G:\My Drive\Document\S2 MSIT\Deep Learning\Assigment 1\Skin Disease\skin_disease_cnn_assignment\data\raw\train\Tinea Ringworm Candidiasis\aug_0_pha-259018.jpg,aug_0_pha-259018.jpg,train,Tinea Ringworm Candidiasis,.jpg,82.33,eb4557c50e8ddb8b9381199851ccdf3cba396e65e89eacdb33baa90862eccfe8,615,578,3,RGB,False
G:\My Drive\Document\S2 MSIT\Deep Learning\Assigment 1\Skin Disease\skin_disease_cnn_assignment\data\raw\train\Tinea Ringworm Candidiasis\aug_0_ringworm (9).jpg,aug_0_ringworm (9).jpg,train,Tinea Ringworm Candidiasis,.jpg,33.23,963cf70119315f5172b8faeaf43a4a441c9f4b3919663c3884163a1525571383,300,300,3,RGB,False
G:\My Drive\Document\S2 MSIT\Deep Learning\Assigment 1\Skin Disease\skin_disease_cnn_assignment\data\raw\train\Tinea Ringworm Candidiasis\aug_0_ringworm-2.png,aug_0_ringworm-2.png,train,Tinea Ringworm Candidiasis,.png,254.63,5db285c749400ac0ff83a557c1e0b83ed9e6c0b9eb632c6e5cf963dce3527906,750,589,3,RGB,False
G:\My Drive\Document\S2 MSIT\Deep Learning\Assigment 1\Skin Disease\skin_disease_cnn_assignment\data\raw\train\Tinea Ringworm Candidiasis\aug_0_ringworm-on-neck.jpg,aug_0_ringworm-on-neck.jpg,train,Tinea Ringworm Candidiasis,.jpg,27.77,98c2d9a0ed5f5b527ca5502c25e6390c530806c02f2bcac75a6e0ca52868b654,454,562,3,RGB,False
G:\My Drive\Document\S2 MSIT\Deep Learning\Assigment 1\Skin Disease\skin_disease_cnn_assignment\data\raw\train\Tinea Ringworm Candidiasis\aug_0_ringworm1.jpg,aug_0_ringworm1.jpg,train,Tinea Ringworm Candidiasis,.jpg,21.02,d880aaa2f5b99557d955b274924aa544b2352de30d8689e2782e331188ef737f,320,217,3,RGB,False
G:\My Drive\Document\S2 MSIT\Deep Learning\Assigment 1\Skin Disease\skin_disease_cnn_assignment\data\raw\train\Tinea Ringworm Candidiasis\aug_0_ringworm_4x3.jpg.pagespeed.ce.XzSqpXITIx.jpg,aug_0_ringworm_4x3.jpg.pagespeed.ce.XzSqpXITIx.jpg,train,Tinea Ringworm Candidiasis,.jpg,87.14,1426646f4ccd3e5337368ab69595e7d2646292fea2762bb94135eb499c9bf56e,1026,770,3,RGB,False
G:\My Drive\Document\S2 MSIT\Deep Learning\Assigment 1\Skin Disease\skin_disease_cnn_assignment\data\raw\train\Vascular lesion\ISIC_0024370.jpg,ISIC_0024370.jpg,train,Vascular lesion,.jpg,305.43,6f450c8a117c4d9db7d9a12b3ccdd688795d944fb159df9b40f9574feb874801,600,450,3,RGB,False
G:\My Drive\Document\S2 MSIT\Deep Learning\Assigment 1\Skin Disease\skin_disease_cnn_assignment\data\raw\train\Vascular lesion\ISIC_0024402.jpg,ISIC_0024402.jpg,train,Vascular lesion,.jpg,232.28,69858b574c3cdc4c8f2b317ceb90ebe228be61802de6a906099c718ad4a1a6c9,600,450,3,RGB,False
G:\My Drive\Document\S2 MSIT\Deep Learning\Assigment 1\Skin Disease\skin_disease_cnn_assignment\data\raw\train\Vascular lesion\ISIC_0024475.jpg,ISIC_0024475.jpg,train,Vascular lesion,.jpg,337.66,39a267090bad11de8cbac846909cc6110688f9b3c20ed1fb3894bed91dd441a4,600,450,3,RGB,False
G:\My Drive\Document\S2 MSIT\Deep Learning\Assigment 1\Skin Disease\skin_disease_cnn_assignment\data\raw\train\Vascular lesion\ISIC_0024662.jpg,ISIC_0024662.jpg,train,Vascular lesion,.jpg,332.1,f7db784ccaec84a4b552e43fef1785f09a7ce84da9af0062a5ca25d74286fbc3,600,450,3,RGB,False
G:\My Drive\Document\S2 MSIT\Deep Learning\Assigment 1\Skin Disease\skin_disease_cnn_assignment\data\raw\train\Vascular lesion\ISIC_0024669.jpg,ISIC_0024669.jpg,train,Vascular lesion,.jpg,271.97,93020b603d353689c2287f8b7659cd1b10b748ccc0a03efb38d433399e1362a5,600,450,3,RGB,False
G:\My Drive\Document\S2 MSIT\Deep Learning\Assigment 1\Skin Disease\skin_disease_cnn_assignment\data\raw\train\Vascular lesion\ISIC_0024904.jpg,ISIC_0024904.jpg,train,Vascular lesion,.jpg,218.15,af436c8552bd3c2fe003e90956412cb13089f641bf678e75990ad8d754703ca3,600,450,3,RGB,False
G:\My Drive\Document\S2 MSIT\Deep Learning\Assigment 1\Skin Disease\skin_disease_cnn_assignment\data\raw\train\Vascular lesion\ISIC_0025197.jpg,ISIC_0025197.jpg,train,Vascular lesion,.jpg,213.38,c10b7b06c8fd634a781dfe79d0a867962cb8ca9194faf41c3e3d6f8d1e6dfa3d,600,450,3,RGB,False
G:\My Drive\Document\S2 MSIT\Deep Learning\Assigment 1\Skin Disease\skin_disease_cnn_assignment\data\raw\train\Vascular lesion\ISIC_0025244.jpg,ISIC_0025244.jpg,train,Vascular lesion,.jpg,303.6,a9d38c52aa3b0bfdfad36c571c1067fdb4e8b5f32ad5f85ea399d403844b1cb1,600,450,3,RGB,False
G:\My Drive\Document\S2 MSIT\Deep Learning\Assigment 1\Skin Disease\skin_disease_cnn_assignment\data\raw\train\Vascular lesion\ISIC_0025249.jpg,ISIC_0025249.jpg,train,Vascular lesion,.jpg,309.81,86b8f9c1bfe308d95577932c51826278230049bd84ef5f37b8df541f27de751d,600,450,3,RGB,False
G:\My Drive\Document\S2 MSIT\Deep Learning\Assigment 1\Skin Disease\skin_disease_cnn_assignment\data\raw\train\Vascular lesion\ISIC_0025250.jpg,ISIC_0025250.jpg,train,Vascular lesion,.jpg,311.56,59ce6adfd6447cff13cc66765788fb7044018b1323d6dea9050c7d286beeed4c,600,450,3,RGB,False
G:\My Drive\Document\S2 MSIT\Deep Learning\Assigment 1\Skin Disease\skin_disease_cnn_assignment\data\raw\train\Vascular lesion\ISIC_0025321.jpg,ISIC_0025321.jpg,train,Vascular lesion,.jpg,256.29,5ebf7a0b2eeb58fefb0924f5717ffe595647127b4746fd320ede0acbff9e77f4,600,450,3,RGB,False
G:\My Drive\Document\S2 MSIT\Deep Learning\Assigment 1\Skin Disease\skin_disease_cnn_assignment\data\raw\train\Vascular lesion\ISIC_0025425.jpg,ISIC_0025425.jpg,train,Vascular lesion,.jpg,274.92,6124865295355a12f1807f3a1a70f1ebbb9908081cc4e8c264d01c55f7416103,600,450,3,RGB,False
G:\My Drive\Document\S2 MSIT\Deep Learning\Assigment 1\Skin Disease\skin_disease_cnn_assignment\data\raw\train\Vascular lesion\ISIC_0025452.jpg,ISIC_0025452.jpg,train,Vascular lesion,.jpg,261.97,4bc1ce1258db5083fc6e652ac290f25b8af7283427e5fbc086056f1249fa2a34,600,450,3,RGB,False
G:\My Drive\Document\S2 MSIT\Deep Learning\Assigment 1\Skin Disease\skin_disease_cnn_assignment\data\raw\train\Vascular lesion\ISIC_0025578.jpg,ISIC_0025578.jpg,train,Vascular lesion,.jpg,247.69,3510d83a3e0b5953c88793316ffeb27ef20adc64affe061b99a6639de9abbca4,600,450,3,RGB,False
G:\My Drive\Document\S2 MSIT\Deep Learning\Assigment 1\Skin Disease\skin_disease_cnn_assignment\data\raw\train\Vascular lesion\ISIC_0025596.jpg,ISIC_0025596.jpg,train,Vascular lesion,.jpg,308.77,4d7299ed107af5d76a8526788eae842872acfb87027e918aac06ea8b4d5c0609,600,450,3,RGB,False
G:\My Drive\Document\S2 MSIT\Deep Learning\Assigment 1\Skin Disease\skin_disease_cnn_assignment\data\raw\train\Vascular lesion\ISIC_0025599.jpg,ISIC_0025599.jpg,train,Vascular lesion,.jpg,201.46,58c6b9e487a2e337b4552adff2c5217eae53fd9e47e889e854e432b59c40780f,600,450,3,RGB,False
G:\My Drive\Document\S2 MSIT\Deep Learning\Assigment 1\Skin Disease\skin_disease_cnn_assignment\data\raw\train\Vascular lesion\ISIC_0025606.jpg,ISIC_0025606.jpg,train,Vascular lesion,.jpg,316.06,2e9e8692753212264c1ed74c4c7670d3a8292a66a816da1a03e0bc8f50644309,600,450,3,RGB,False
G:\My Drive\Document\S2 MSIT\Deep Learning\Assigment 1\Skin Disease\skin_disease_cnn_assignment\data\raw\train\Vascular lesion\ISIC_0025612.jpg,ISIC_0025612.jpg,train,Vascular lesion,.jpg,312.02,385c8ae0109a7256b8e68733ffff24092afad6996cb33302e5a46452be30bfef,600,450,3,RGB,False
G:\My Drive\Document\S2 MSIT\Deep Learning\Assigment 1\Skin Disease\skin_disease_cnn_assignment\data\raw\train\Vascular lesion\ISIC_0025680.jpg,ISIC_0025680.jpg,train,Vascular lesion,.jpg,258.37,52ec2ddd076a69098db4b2692a9420a1a71acab4e7ffe1df8cc072c7d9548cce,600,450,3,RGB,False
G:\My Drive\Document\S2 MSIT\Deep Learning\Assigment 1\Skin Disease\skin_disease_cnn_assignment\data\raw\train\Vascular lesion\ISIC_0025707.jpg,ISIC_0025707.jpg,train,Vascular lesion,.jpg,297.85,6d6a72a9cc690b886fd2d114286074fba91a46fca1e0b3851b6d4d5a886c0981,600,450,3,RGB,False
G:\My Drive\Document\S2 MSIT\Deep Learning\Assigment 1\Skin Disease\skin_disease_cnn_assignment\data\raw\train\Vascular lesion\ISIC_0025873.jpg,ISIC_0025873.jpg,train,Vascular lesion,.jpg,193.42,83c809829eb1dbeaa9e136ebf1517dd8059c1e55196e6789a55db6466dd3d68d,600,450,3,RGB,False
G:\My Drive\Document\S2 MSIT\Deep Learning\Assigment 1\Skin Disease\skin_disease_cnn_assignment\data\raw\train\Vascular lesion\ISIC_0026068.jpg,ISIC_0026068.jpg,train,Vascular lesion,.jpg,258.36,b5d7c9322197d7068d8d05f92709d47480f73a0aaf6bea9fc1b4868923fe4f87,600,450,3,RGB,False
G:\My Drive\Document\S2 MSIT\Deep Learning\Assigment 1\Skin Disease\skin_disease_cnn_assignment\data\raw\train\Vascular lesion\ISIC_0026092.jpg,ISIC_0026092.jpg,train,Vascular lesion,.jpg,287.26,36187bb9f9b9b6b300179ad34fe06f4e0802e85a9bb9188caac357edb5c9fb0b,600,450,3,RGB,False
G:\My Drive\Document\S2 MSIT\Deep Learning\Assigment 1\Skin Disease\skin_disease_cnn_assignment\data\raw\train\Vascular lesion\ISIC_0026163.jpg,ISIC_0026163.jpg,train,Vascular lesion,.jpg,202.89,d6d5b36ef6f8d315b529ce952006e9b2aebecd1a558e9762bf7e59f24403c3f8,600,450,3,RGB,False
G:\My Drive\Document\S2 MSIT\Deep Learning\Assigment 1\Skin Disease\skin_disease_cnn_assignment\data\raw\train\Vascular lesion\ISIC_0026336.jpg,ISIC_0026336.jpg,train,Vascular lesion,.jpg,287.91,5b6ad9fb7268599e0b5e9883ddce59f0315965203df60ce7f9a7c5960e47cfe3,600,450,3,RGB,False
G:\My Drive\Document\S2 MSIT\Deep Learning\Assigment 1\Skin Disease\skin_disease_cnn_assignment\data\raw\train\Vascular lesion\ISIC_0026349.jpg,ISIC_0026349.jpg,train,Vascular lesion,.jpg,252.31,576b9b485b50de748c4ca493e5a0268e495d81821ea6acb6d301771c4c48b02d,600,450,3,RGB,False
G:\My Drive\Document\S2 MSIT\Deep Learning\Assigment 1\Skin Disease\skin_disease_cnn_assignment\data\raw\train\Vascular lesion\ISIC_0026393.jpg,ISIC_0026393.jpg,train,Vascular lesion,.jpg,298.23,9e64699b593543b60f0b753f413faf411ff928a67395ef5f678cd5767eb353b7,600,450,3,RGB,False
G:\My Drive\Document\S2 MSIT\Deep Learning\Assigment 1\Skin Disease\skin_disease_cnn_assignment\data\raw\train\Vascular lesion\ISIC_0026467.jpg,ISIC_0026467.jpg,train,Vascular lesion,.jpg,277.8,68984a4b470f43f2282e4592cdb612087b8b4300e16e2b5578b4e9c7f070a614,600,450,3,RGB,False
G:\My Drive\Document\S2 MSIT\Deep Learning\Assigment 1\Skin Disease\skin_disease_cnn_assignment\data\raw\train\Vascular lesion\ISIC_0026490.jpg,ISIC_0026490.jpg,train,Vascular lesion,.jpg,309.48,1f9391f8cd49e1518e48e493a00169df2721b2d0dd2090db58f33842d71a08c3,600,450,3,RGB,False
G:\My Drive\Document\S2 MSIT\Deep Learning\Assigment 1\Skin Disease\skin_disease_cnn_assignment\data\raw\train\Vascular lesion\ISIC_0026693.jpg,ISIC_0026693.jpg,train,Vascular lesion,.jpg,274.07,c9eb9eae9f81621bc34b8e7f403316be2e83faefc8512f5974b714a5c6741d42,600,450,3,RGB,False
G:\My Drive\Document\S2 MSIT\Deep Learning\Assigment 1\Skin Disease\skin_disease_cnn_assignment\data\raw\train\Vascular lesion\ISIC_0027159.jpg,ISIC_0027159.jpg,train,Vascular lesion,.jpg,229.53,7a9e6329ebd5b07545dd2194d830cb04b89e6d2a2a871ab075079ec2173205a0,600,450,3,RGB,False
G:\My Drive\Document\S2 MSIT\Deep Learning\Assigment 1\Skin Disease\skin_disease_cnn_assignment\data\raw\train\Vascular lesion\ISIC_0027210.jpg,ISIC_0027210.jpg,train,Vascular lesion,.jpg,203.26,af5a662ad18d61a1c56c12930a4a964c8417252f076cae1a22b97a3f455437e0,600,450,3,RGB,False
G:\My Drive\Document\S2 MSIT\Deep Learning\Assigment 1\Skin Disease\skin_disease_cnn_assignment\data\raw\train\Vascular lesion\ISIC_0027256.jpg,ISIC_0027256.jpg,train,Vascular lesion,.jpg,233.88,2e5b5c39298727d3795704ea54aa35d0d39fe24daae9808107cb7d1e3f075b45,600,450,3,RGB,False
G:\My Drive\Document\S2 MSIT\Deep Learning\Assigment 1\Skin Disease\skin_disease_cnn_assignment\data\raw\train\Vascular lesion\ISIC_0027269.jpg,ISIC_0027269.jpg,train,Vascular lesion,.jpg,261.86,cee5c0d2d3a80187c55442bc67e793657081a6f03e9cea95b7a54ae24fcace47,600,450,3,RGB,False
G:\My Drive\Document\S2 MSIT\Deep Learning\Assigment 1\Skin Disease\skin_disease_cnn_assignment\data\raw\train\Vascular lesion\ISIC_0027385.jpg,ISIC_0027385.jpg,train,Vascular lesion,.jpg,254.89,7c064472988dd42f27ff7c287d53a122e21cffb068186588e291e2774b27a191,600,450,3,RGB,False
G:\My Drive\Document\S2 MSIT\Deep Learning\Assigment 1\Skin Disease\skin_disease_cnn_assignment\data\raw\train\Vascular lesion\ISIC_0027522.jpg,ISIC_0027522.jpg,train,Vascular lesion,.jpg,316.12,8cef093b50271903449044434ccab382892528b2452748130997bd543e2fc4e4,600,450,3,RGB,False
G:\My Drive\Document\S2 MSIT\Deep Learning\Assigment 1\Skin Disease\skin_disease_cnn_assignment\data\raw\train\Vascular lesion\ISIC_0027563.jpg,ISIC_0027563.jpg,train,Vascular lesion,.jpg,324.02,a3d8748d5daae974120d7801ea2e30b1b58593f7cc6a101bf04fc431331cb26b,600,450,3,RGB,False
G:\My Drive\Document\S2 MSIT\Deep Learning\Assigment 1\Skin Disease\skin_disease_cnn_assignment\data\raw\train\Vascular lesion\ISIC_0027665.jpg,ISIC_0027665.jpg,train,Vascular lesion,.jpg,273.94,8e5d90bfc7458f8034639cc3964a68ac18a1851b45f22bfff644e4bce911164f,600,450,3,RGB,False
G:\My Drive\Document\S2 MSIT\Deep Learning\Assigment 1\Skin Disease\skin_disease_cnn_assignment\data\raw\train\Vascular lesion\ISIC_0027672.jpg,ISIC_0027672.jpg,train,Vascular lesion,.jpg,224.48,2aaecc9e78e41cbf5cccbfe9099fcfaad4ee3d993bbcef6d05c9c881f8228b0f,600,450,3,RGB,False
G:\My Drive\Document\S2 MSIT\Deep Learning\Assigment 1\Skin Disease\skin_disease_cnn_assignment\data\raw\train\Vascular lesion\ISIC_0027856.jpg,ISIC_0027856.jpg,train,Vascular lesion,.jpg,297.42,4898406f1bbf66276d56124e6dfc43cd05f9cf463f7433a592065a7d5c327c94,600,450,3,RGB,False
G:\My Drive\Document\S2 MSIT\Deep Learning\Assigment 1\Skin Disease\skin_disease_cnn_assignment\data\raw\train\Vascular lesion\ISIC_0027888.jpg,ISIC_0027888.jpg,train,Vascular lesion,.jpg,304.26,637d336f1a2003175d6e835f7c9ebe89d20ec5a57ca3315358b36f8fddeb9418,600,450,3,RGB,False
G:\My Drive\Document\S2 MSIT\Deep Learning\Assigment 1\Skin Disease\skin_disease_cnn_assignment\data\raw\train\Vascular lesion\ISIC_0027903.jpg,ISIC_0027903.jpg,train,Vascular lesion,.jpg,205.77,476c8d5e8bf60a0b40452d8dd51dc0d981c0948710fe57987014ab6608a285c0,600,450,3,RGB,False
G:\My Drive\Document\S2 MSIT\Deep Learning\Assigment 1\Skin Disease\skin_disease_cnn_assignment\data\raw\train\Vascular lesion\ISIC_0027937.jpg,ISIC_0027937.jpg,train,Vascular lesion,.jpg,271.44,ba5762f606a972c3290f3cb28b5bc1f20ea4882748e0e194f84a2cfd7d998aac,600,450,3,RGB,False
G:\My Drive\Document\S2 MSIT\Deep Learning\Assigment 1\Skin Disease\skin_disease_cnn_assignment\data\raw\train\Vascular lesion\ISIC_0028188.jpg,ISIC_0028188.jpg,train,Vascular lesion,.jpg,202.4,f2dbe6b49b15233e2caee549c25b9dfd21e8469f25af4e3f919697effd1ad0a7,600,450,3,RGB,False
G:\My Drive\Document\S2 MSIT\Deep Learning\Assigment 1\Skin Disease\skin_disease_cnn_assignment\data\raw\train\Vascular lesion\ISIC_0028431.jpg,ISIC_0028431.jpg,train,Vascular lesion,.jpg,348.58,a3fa2e6bdb6f258093a2d6712ef892867b83f8b190adc0d4b4308c3795aadde6,600,450,3,RGB,False
G:\My Drive\Document\S2 MSIT\Deep Learning\Assigment 1\Skin Disease\skin_disease_cnn_assignment\data\raw\train\Vascular lesion\ISIC_0028680.jpg,ISIC_0028680.jpg,train,Vascular lesion,.jpg,309.0,c7e2fb77a944637418901061d7a784dad2a835587e0a5cba2a3d0aa02939fcf2,600,450,3,RGB,False
G:\My Drive\Document\S2 MSIT\Deep Learning\Assigment 1\Skin Disease\skin_disease_cnn_assignment\data\raw\train\Vascular lesion\ISIC_0028885.jpg,ISIC_0028885.jpg,train,Vascular lesion,.jpg,305.79,ff35439c212aff95c48c85501cce1a475f11efa4f3ae38e2f2cfbf6fe33ae742,600,450,3,RGB,False
G:\My Drive\Document\S2 MSIT\Deep Learning\Assigment 1\Skin Disease\skin_disease_cnn_assignment\data\raw\train\Vascular lesion\ISIC_0029099.jpg,ISIC_0029099.jpg,train,Vascular lesion,.jpg,215.34,799e607815adfe74ce5d7a9f8cc8b2eafcc940dc345a6a4027df9b098237e115,600,450,3,RGB,False
G:\My Drive\Document\S2 MSIT\Deep Learning\Assigment 1\Skin Disease\skin_disease_cnn_assignment\data\raw\train\Vascular lesion\ISIC_0029404.jpg,ISIC_0029404.jpg,train,Vascular lesion,.jpg,243.79,01dffca598641c0c698178fad86eb199782a504f8459a86a1d1d661aa614696f,600,450,3,RGB,False
G:\My Drive\Document\S2 MSIT\Deep Learning\Assigment 1\Skin Disease\skin_disease_cnn_assignment\data\raw\train\Vascular lesion\ISIC_0029439.jpg,ISIC_0029439.jpg,train,Vascular lesion,.jpg,290.3,0dbde913cd7bfcff6da2ab45f85d83284799cc1ab23d85e04633fc68e35a5fa7,600,450,3,RGB,False
G:\My Drive\Document\S2 MSIT\Deep Learning\Assigment 1\Skin Disease\skin_disease_cnn_assignment\data\raw\train\Vascular lesion\ISIC_0029448.jpg,ISIC_0029448.jpg,train,Vascular lesion,.jpg,263.78,b4b3eabb02b42bd36c39855fb9c511e060277e9052c93340e3b3569702df455f,600,450,3,RGB,False
G:\My Drive\Document\S2 MSIT\Deep Learning\Assigment 1\Skin Disease\skin_disease_cnn_assignment\data\raw\train\Vascular lesion\ISIC_0029486.jpg,ISIC_0029486.jpg,train,Vascular lesion,.jpg,275.06,354c6c257eb080d3345e038f5d2057a571b406db0fc58dbea282d9f64d2b3980,600,450,3,RGB,False
G:\My Drive\Document\S2 MSIT\Deep Learning\Assigment 1\Skin Disease\skin_disease_cnn_assignment\data\raw\train\Vascular lesion\ISIC_0029514.jpg,ISIC_0029514.jpg,train,Vascular lesion,.jpg,258.13,b0c8a6129a418fa88355ddc82feb4e1f998056f34ccff02cd414c06a32ab133d,600,450,3,RGB,False
G:\My Drive\Document\S2 MSIT\Deep Learning\Assigment 1\Skin Disease\skin_disease_cnn_assignment\data\raw\train\Vascular lesion\ISIC_0029877.jpg,ISIC_0029877.jpg,train,Vascular lesion,.jpg,336.71,8a52ca080a4cdefbdd1274296e63f9b5f781f5d7713437221c2c1c978bee8901,600,450,3,RGB,False
G:\My Drive\Document\S2 MSIT\Deep Learning\Assigment 1\Skin Disease\skin_disease_cnn_assignment\data\raw\train\Vascular lesion\ISIC_0029889.jpg,ISIC_0029889.jpg,train,Vascular lesion,.jpg,218.96,16ec7e11daf61484904baffecd718be2fb5de1b5f56d2484677d590b5869dbb4,600,450,3,RGB,False
G:\My Drive\Document\S2 MSIT\Deep Learning\Assigment 1\Skin Disease\skin_disease_cnn_assignment\data\raw\train\Vascular lesion\ISIC_0030070.jpg,ISIC_0030070.jpg,train,Vascular lesion,.jpg,200.0,38b7db407e97e9958b76c8f63c7241517fd5451ae469c4429d287997c15f2fe3,600,450,3,RGB,False
G:\My Drive\Document\S2 MSIT\Deep Learning\Assigment 1\Skin Disease\skin_disease_cnn_assignment\data\raw\train\Vascular lesion\ISIC_0030104.jpg,ISIC_0030104.jpg,train,Vascular lesion,.jpg,303.38,d2661f8d008bb0552cc949c7431aa0f3ac1110146a1d73306c79f12d71789953,600,450,3,RGB,False
G:\My Drive\Document\S2 MSIT\Deep Learning\Assigment 1\Skin Disease\skin_disease_cnn_assignment\data\raw\train\Vascular lesion\ISIC_0030283.jpg,ISIC_0030283.jpg,train,Vascular lesion,.jpg,296.26,851c74c334e0e0ecd123c8aa82d8658131e295c8ba1c8619208688e268edf7fa,600,450,3,RGB,False
G:\My Drive\Document\S2 MSIT\Deep Learning\Assigment 1\Skin Disease\skin_disease_cnn_assignment\data\raw\train\Vascular lesion\ISIC_0030606.jpg,ISIC_0030606.jpg,train,Vascular lesion,.jpg,201.95,ca77efb090d71074b7bdb797c1224b7432d0d601e7f94241591a1e691207be39,600,450,3,RGB,False
G:\My Drive\Document\S2 MSIT\Deep Learning\Assigment 1\Skin Disease\skin_disease_cnn_assignment\data\raw\train\Vascular lesion\ISIC_0030722.jpg,ISIC_0030722.jpg,train,Vascular lesion,.jpg,231.6,09bed78931614ec1ae30d83721aeb515f97b54c97d2d97df862199dbb388b971,600,450,3,RGB,False
G:\My Drive\Document\S2 MSIT\Deep Learning\Assigment 1\Skin Disease\skin_disease_cnn_assignment\data\raw\train\Vascular lesion\ISIC_0030770.jpg,ISIC_0030770.jpg,train,Vascular lesion,.jpg,252.08,a8d2d65a59273bd1c967197f886c834adcae459d79501288b9536d8a583bed3d,600,450,3,RGB,False
G:\My Drive\Document\S2 MSIT\Deep Learning\Assigment 1\Skin Disease\skin_disease_cnn_assignment\data\raw\train\Vascular lesion\ISIC_0030882.jpg,ISIC_0030882.jpg,train,Vascular lesion,.jpg,261.05,2efe2dfbeb7fa471768c66893628c1512319e3d5d0da52a313633ffdd7cc56e0,600,450,3,RGB,False
G:\My Drive\Document\S2 MSIT\Deep Learning\Assigment 1\Skin Disease\skin_disease_cnn_assignment\data\raw\train\Vascular lesion\ISIC_0030956.jpg,ISIC_0030956.jpg,train,Vascular lesion,.jpg,258.35,771dd9162a7e049029ad3a772147b01f915ad70610fe9dfdc303471fbf82d52c,600,450,3,RGB,False
G:\My Drive\Document\S2 MSIT\Deep Learning\Assigment 1\Skin Disease\skin_disease_cnn_assignment\data\raw\train\Vascular lesion\ISIC_0031065.jpg,ISIC_0031065.jpg,train,Vascular lesion,.jpg,300.94,9b4290e9177acfdf938d8b283ac8e8e1b2c4baa0699608ba334695b1e62b4ba4,600,450,3,RGB,False
G:\My Drive\Document\S2 MSIT\Deep Learning\Assigment 1\Skin Disease\skin_disease_cnn_assignment\data\raw\train\Vascular lesion\ISIC_0031090.jpg,ISIC_0031090.jpg,train,Vascular lesion,.jpg,266.12,02f7800eea98c00e27e31b7a1f0dde7884c1b1c515b265501fa630c86e6bcb54,600,450,3,RGB,False
G:\My Drive\Document\S2 MSIT\Deep Learning\Assigment 1\Skin Disease\skin_disease_cnn_assignment\data\raw\train\Vascular lesion\ISIC_0031093.jpg,ISIC_0031093.jpg,train,Vascular lesion,.jpg,246.18,c826f50d35224f3173165d7834e35b7d85607bbac8a10eba47c399414b72e2c3,600,450,3,RGB,False
G:\My Drive\Document\S2 MSIT\Deep Learning\Assigment 1\Skin Disease\skin_disease_cnn_assignment\data\raw\train\Vascular lesion\ISIC_0031201.jpg,ISIC_0031201.jpg,train,Vascular lesion,.jpg,292.77,f017adf74b23f26103c239789e318a06b2027303d95c1e34cf64433a30a656f5,600,450,3,RGB,False
G:\My Drive\Document\S2 MSIT\Deep Learning\Assigment 1\Skin Disease\skin_disease_cnn_assignment\data\raw\train\Vascular lesion\ISIC_0031215.jpg,ISIC_0031215.jpg,train,Vascular lesion,.jpg,341.64,fda157e56a20826b74a7cabf6820697348148a7e528e81e12b40383fde62f018,600,450,3,RGB,False
G:\My Drive\Document\S2 MSIT\Deep Learning\Assigment 1\Skin Disease\skin_disease_cnn_assignment\data\raw\train\Vascular lesion\ISIC_0031217.jpg,ISIC_0031217.jpg,train,Vascular lesion,.jpg,204.8,c1a9aca29de1778af0460baddfd3ad424135b6655de9b549e9fa9ade7203ce57,600,450,3,RGB,False
G:\My Drive\Document\S2 MSIT\Deep Learning\Assigment 1\Skin Disease\skin_disease_cnn_assignment\data\raw\train\Vascular lesion\ISIC_0031270.jpg,ISIC_0031270.jpg,train,Vascular lesion,.jpg,209.77,e429118dd080595af85602f1c504489b96d2b5f21df5bf0424d561d4fed12438,600,450,3,RGB,False
G:\My Drive\Document\S2 MSIT\Deep Learning\Assigment 1\Skin Disease\skin_disease_cnn_assignment\data\raw\train\Vascular lesion\ISIC_0031276.jpg,ISIC_0031276.jpg,train,Vascular lesion,.jpg,301.19,27bf23a69f335d448216986c21114c1bf371dfa5153bc07d5589f3100a864ea7,600,450,3,RGB,False
G:\My Drive\Document\S2 MSIT\Deep Learning\Assigment 1\Skin Disease\skin_disease_cnn_assignment\data\raw\train\Vascular lesion\ISIC_0031346.jpg,ISIC_0031346.jpg,train,Vascular lesion,.jpg,266.95,6a2cdaf6d541a22d8a4a340e38bbcc2d6c05d291cd060de371c2ce2a4a51c4cd,600,450,3,RGB,False
G:\My Drive\Document\S2 MSIT\Deep Learning\Assigment 1\Skin Disease\skin_disease_cnn_assignment\data\raw\train\Vascular lesion\ISIC_0031648.jpg,ISIC_0031648.jpg,train,Vascular lesion,.jpg,400.47,1eef2d7398dd9ca1d0ba452092d1bd0ae55b91ff011c68c20f98ec1dd0e87b94,600,450,3,RGB,False
G:\My Drive\Document\S2 MSIT\Deep Learning\Assigment 1\Skin Disease\skin_disease_cnn_assignment\data\raw\train\Vascular lesion\ISIC_0031706.jpg,ISIC_0031706.jpg,train,Vascular lesion,.jpg,323.65,86ccbe4b441b87162a004ce01afc88ac87eba42ad69ba588915a540311d03384,600,450,3,RGB,False
G:\My Drive\Document\S2 MSIT\Deep Learning\Assigment 1\Skin Disease\skin_disease_cnn_assignment\data\raw\train\Vascular lesion\ISIC_0031719.jpg,ISIC_0031719.jpg,train,Vascular lesion,.jpg,208.68,27c586d05bb4de02d12c04e69b83a333d932e0d627975227f77626e13ca2212a,600,450,3,RGB,False
G:\My Drive\Document\S2 MSIT\Deep Learning\Assigment 1\Skin Disease\skin_disease_cnn_assignment\data\raw\train\Vascular lesion\ISIC_0031759.jpg,ISIC_0031759.jpg,train,Vascular lesion,.jpg,209.88,01fb717c93d6e1947f3fb50f824d56b062fa1f062c97e358a72f7396a618eab4,600,450,3,RGB,False
G:\My Drive\Document\S2 MSIT\Deep Learning\Assigment 1\Skin Disease\skin_disease_cnn_assignment\data\raw\train\Vascular lesion\ISIC_0031901.jpg,ISIC_0031901.jpg,train,Vascular lesion,.jpg,294.7,836a77b108a1e7e582efa9af0c75bc0fb8c430361df2929746de512823d2fad0,600,450,3,RGB,False
G:\My Drive\Document\S2 MSIT\Deep Learning\Assigment 1\Skin Disease\skin_disease_cnn_assignment\data\raw\train\Vascular lesion\ISIC_0031950.jpg,ISIC_0031950.jpg,train,Vascular lesion,.jpg,261.76,f429d323a3e75f0c4c97c4109c80d754e8eb8afddc12637e58f27aea2c27ea0f,600,450,3,RGB,False
G:\My Drive\Document\S2 MSIT\Deep Learning\Assigment 1\Skin Disease\skin_disease_cnn_assignment\data\raw\train\Vascular lesion\ISIC_0031955.jpg,ISIC_0031955.jpg,train,Vascular lesion,.jpg,321.59,c2a3b7ba52905b67673693a51048650716eeb93447207d0a1ded1e09b5b5f8f0,600,450,3,RGB,False
G:\My Drive\Document\S2 MSIT\Deep Learning\Assigment 1\Skin Disease\skin_disease_cnn_assignment\data\raw\train\Vascular lesion\ISIC_0031996.jpg,ISIC_0031996.jpg,train,Vascular lesion,.jpg,268.45,6d33cf3acc273826dc791b4572bdd274319ac7cea8e123b8ce9ee326e48b6b17,600,450,3,RGB,False
G:\My Drive\Document\S2 MSIT\Deep Learning\Assigment 1\Skin Disease\skin_disease_cnn_assignment\data\raw\val\Actinic keratosis\ISIC_0025803.jpg,ISIC_0025803.jpg,val,Actinic keratosis,.jpg,305.4,2237843305ffef7eea3bc50cf7612faa629e576803c21957ab91fe92af7e3041,600,450,3,RGB,False
G:\My Drive\Document\S2 MSIT\Deep Learning\Assigment 1\Skin Disease\skin_disease_cnn_assignment\data\raw\val\Actinic keratosis\ISIC_0025825.jpg,ISIC_0025825.jpg,val,Actinic keratosis,.jpg,287.5,18576d38185e1d990755da653f23470fa951beb68d8b6e9c0da7c480998bf5eb,600,450,3,RGB,False
G:\My Drive\Document\S2 MSIT\Deep Learning\Assigment 1\Skin Disease\skin_disease_cnn_assignment\data\raw\val\Actinic keratosis\ISIC_0026040.jpg,ISIC_0026040.jpg,val,Actinic keratosis,.jpg,239.3,b97f3082a6339356751fcf83dff543572fedc7b11e21658a89f74d9a9f8cb607,600,450,3,RGB,False
G:\My Drive\Document\S2 MSIT\Deep Learning\Assigment 1\Skin Disease\skin_disease_cnn_assignment\data\raw\val\Actinic keratosis\ISIC_0026194.jpg,ISIC_0026194.jpg,val,Actinic keratosis,.jpg,246.18,6b7a97fc2204fa3e5c4a5d07f935f743d5d4a22a6af06cdb49f345dcf0e1060a,600,450,3,RGB,False
G:\My Drive\Document\S2 MSIT\Deep Learning\Assigment 1\Skin Disease\skin_disease_cnn_assignment\data\raw\val\Actinic keratosis\ISIC_0026212.jpg,ISIC_0026212.jpg,val,Actinic keratosis,.jpg,291.3,48b8a82e7fbb175217a77e355c269fb32a84acf92214344a9518bf274e342c8a,600,450,3,RGB,False
G:\My Drive\Document\S2 MSIT\Deep Learning\Assigment 1\Skin Disease\skin_disease_cnn_assignment\data\raw\val\Actinic keratosis\ISIC_0026468.jpg,ISIC_0026468.jpg,val,Actinic keratosis,.jpg,152.07,1320fb7bb07488e9282a9c324993e96aafb3fadaffd1d3b97877b5b4c6d4759a,600,450,3,RGB,False
G:\My Drive\Document\S2 MSIT\Deep Learning\Assigment 1\Skin Disease\skin_disease_cnn_assignment\data\raw\val\Actinic keratosis\ISIC_0026650.jpg,ISIC_0026650.jpg,val,Actinic keratosis,.jpg,246.59,02444192dd87df253b96711a027f8a7c1e9db82249ccdbdbac2c9d2789093241,600,450,3,RGB,False
G:\My Drive\Document\S2 MSIT\Deep Learning\Assigment 1\Skin Disease\skin_disease_cnn_assignment\data\raw\val\Actinic keratosis\ISIC_0026984.jpg,ISIC_0026984.jpg,val,Actinic keratosis,.jpg,251.98,86475cf3f77e1573046b3aed01bfed7b3baa9f074478e24e22d8a3ddc8369ad6,600,450,3,RGB,False
G:\My Drive\Document\S2 MSIT\Deep Learning\Assigment 1\Skin Disease\skin_disease_cnn_assignment\data\raw\val\Actinic keratosis\ISIC_0027452.jpg,ISIC_0027452.jpg,val,Actinic keratosis,.jpg,284.62,eb172c38a248e95b9e4cc5ed78e9a334fa1a93fb91226084a540c153b7d8e0d3,600,450,3,RGB,False
G:\My Drive\Document\S2 MSIT\Deep Learning\Assigment 1\Skin Disease\skin_disease_cnn_assignment\data\raw\val\Actinic keratosis\ISIC_0027580.jpg,ISIC_0027580.jpg,val,Actinic keratosis,.jpg,232.29,5ad0e267e3a7ca1130fb980d9f9605b5f01575b4b02ddd7f64198e2fe5aa2262,600,450,3,RGB,False
G:\My Drive\Document\S2 MSIT\Deep Learning\Assigment 1\Skin Disease\skin_disease_cnn_assignment\data\raw\val\Actinic keratosis\ISIC_0027802.jpg,ISIC_0027802.jpg,val,Actinic keratosis,.jpg,224.5,d2db9ef64d9dd6ea264f3371b0244ab5e6dc6b3d32cd203064715b0522fa4549,600,450,3,RGB,False
G:\My Drive\Document\S2 MSIT\Deep Learning\Assigment 1\Skin Disease\skin_disease_cnn_assignment\data\raw\val\Actinic keratosis\ISIC_0027896.jpg,ISIC_0027896.jpg,val,Actinic keratosis,.jpg,284.28,6c5a260fc18e56a1dd431f88e7e093886f9e697bedf49f6e80822f16ed3704de,600,450,3,RGB,False
G:\My Drive\Document\S2 MSIT\Deep Learning\Assigment 1\Skin Disease\skin_disease_cnn_assignment\data\raw\val\Actinic keratosis\ISIC_0028820.jpg,ISIC_0028820.jpg,val,Actinic keratosis,.jpg,258.2,6f8e9e51137c7a7ce682a45dddc677e74aca9b5c414cdc8141d8e9a25e03bf6e,600,450,3,RGB,False
G:\My Drive\Document\S2 MSIT\Deep Learning\Assigment 1\Skin Disease\skin_disease_cnn_assignment\data\raw\val\Actinic keratosis\ISIC_0029025.jpg,ISIC_0029025.jpg,val,Actinic keratosis,.jpg,258.92,aa092634caaee6502c48155838c327a52e165d0fd95916cce411cbf145941881,600,450,3,RGB,False
G:\My Drive\Document\S2 MSIT\Deep Learning\Assigment 1\Skin Disease\skin_disease_cnn_assignment\data\raw\val\Actinic keratosis\ISIC_0029210.jpg,ISIC_0029210.jpg,val,Actinic keratosis,.jpg,266.11,fb1a77a61fbe33febc516bafa400325c864fab107d6c38e73bba05141ebfe2c4,600,450,3,RGB,False
G:\My Drive\Document\S2 MSIT\Deep Learning\Assigment 1\Skin Disease\skin_disease_cnn_assignment\data\raw\val\Actinic keratosis\ISIC_0029781.jpg,ISIC_0029781.jpg,val,Actinic keratosis,.jpg,231.48,270a8cc6888d1dc9c4667d660abed0dcc0ea21af5902d7be0cc619387fde7e4e,600,450,3,RGB,False
G:\My Drive\Document\S2 MSIT\Deep Learning\Assigment 1\Skin Disease\skin_disease_cnn_assignment\data\raw\val\Actinic keratosis\ISIC_0029915.jpg,ISIC_0029915.jpg,val,Actinic keratosis,.jpg,244.96,703eb2e450dfb83a02d144ce42e92647aa0497586493b4cdfafc74fb5c577a22,600,450,3,RGB,False
G:\My Drive\Document\S2 MSIT\Deep Learning\Assigment 1\Skin Disease\skin_disease_cnn_assignment\data\raw\val\Actinic keratosis\ISIC_0030036.jpg,ISIC_0030036.jpg,val,Actinic keratosis,.jpg,227.37,3bb5f397e9b79b6be2521eb20dec9414b47b5f05fb213fc5a5ff11c97ce54dc0,600,450,3,RGB,False
G:\My Drive\Document\S2 MSIT\Deep Learning\Assigment 1\Skin Disease\skin_disease_cnn_assignment\data\raw\val\Actinic keratosis\ISIC_0030143.jpg,ISIC_0030143.jpg,val,Actinic keratosis,.jpg,237.82,9f8eaef3f048bb05287ee5b75913b46b100d1502e88bafc3e214c79481849846,600,450,3,RGB,False
G:\My Drive\Document\S2 MSIT\Deep Learning\Assigment 1\Skin Disease\skin_disease_cnn_assignment\data\raw\val\Actinic keratosis\ISIC_0030242.jpg,ISIC_0030242.jpg,val,Actinic keratosis,.jpg,255.69,d21da15b541845d4401cece15bb8dc8ef138cbde8dadcac034ccc263f0aa7638,600,450,3,RGB,False
G:\My Drive\Document\S2 MSIT\Deep Learning\Assigment 1\Skin Disease\skin_disease_cnn_assignment\data\raw\val\Atopic Dermatitis\1_14.jpg,1_14.jpg,val,Atopic Dermatitis,.jpg,12.66,8756835a808b41799ac405ffb47cf400542e808ca2625f0dd3154fe385531334,294,222,3,RGB,False
G:\My Drive\Document\S2 MSIT\Deep Learning\Assigment 1\Skin Disease\skin_disease_cnn_assignment\data\raw\val\Atopic Dermatitis\1_15.jpg,1_15.jpg,val,Atopic Dermatitis,.jpg,13.01,be78206a356b2d6c8d9ceb33f9a57dca88740446599e26ffeb7f772965e2ae0b,294,222,3,RGB,False
G:\My Drive\Document\S2 MSIT\Deep Learning\Assigment 1\Skin Disease\skin_disease_cnn_assignment\data\raw\val\Atopic Dermatitis\1_16.jpg,1_16.jpg,val,Atopic Dermatitis,.jpg,12.75,bcf8193f91f816fad8765b930ba7b4fd1c80f7286e0a90a9f5a74511352522c3,294,222,3,RGB,False
G:\My Drive\Document\S2 MSIT\Deep Learning\Assigment 1\Skin Disease\skin_disease_cnn_assignment\data\raw\val\Atopic Dermatitis\1_17.jpg,1_17.jpg,val,Atopic Dermatitis,.jpg,18.09,a071e39cf5f81884e84f53e9a8ac8b4f69dbcbc1ffc957c94073d0d373cb3802,294,222,3,RGB,False
G:\My Drive\Document\S2 MSIT\Deep Learning\Assigment 1\Skin Disease\skin_disease_cnn_assignment\data\raw\val\Atopic Dermatitis\1_18.jpg,1_18.jpg,val,Atopic Dermatitis,.jpg,16.88,489a0439b5c7878aeda2d8f94fc842e2ee9974e1f7a835f833bc3bb6e492dba0,294,222,3,RGB,False
G:\My Drive\Document\S2 MSIT\Deep Learning\Assigment 1\Skin Disease\skin_disease_cnn_assignment\data\raw\val\Atopic Dermatitis\1_19.jpg,1_19.jpg,val,Atopic Dermatitis,.jpg,20.1,3647eafda5848976734a61ed050a66fccbe0142ebb80d8395ad91d7e0ff12619,294,222,3,RGB,False
G:\My Drive\Document\S2 MSIT\Deep Learning\Assigment 1\Skin Disease\skin_disease_cnn_assignment\data\raw\val\Atopic Dermatitis\1_20.jpg,1_20.jpg,val,Atopic Dermatitis,.jpg,20.02,e64b4f63d8fe3e41b6eaa56cf1e36ba3bc82b778fbc7f5845194f87a2b34f2bb,294,222,3,RGB,False
G:\My Drive\Document\S2 MSIT\Deep Learning\Assigment 1\Skin Disease\skin_disease_cnn_assignment\data\raw\val\Atopic Dermatitis\1_23.jpg,1_23.jpg,val,Atopic Dermatitis,.jpg,16.39,e9b302de72ebee8eb2f5a0316c3969ebf7e3e5295706575f12d83205affa6154,294,222,3,RGB,False
G:\My Drive\Document\S2 MSIT\Deep Learning\Assigment 1\Skin Disease\skin_disease_cnn_assignment\data\raw\val\Atopic Dermatitis\1_24.jpg,1_24.jpg,val,Atopic Dermatitis,.jpg,17.53,0ceb5385a0f81ab371f4fd091107337b54dde8b51b071fab225dd02536ac7aa0,294,222,3,RGB,False
G:\My Drive\Document\S2 MSIT\Deep Learning\Assigment 1\Skin Disease\skin_disease_cnn_assignment\data\raw\val\Atopic Dermatitis\1_25.jpg,1_25.jpg,val,Atopic Dermatitis,.jpg,17.89,a79c4741a3be4ea48ac6fd95c0745b4688c8356732e38c56f8004edc4b683062,294,222,3,RGB,False
G:\My Drive\Document\S2 MSIT\Deep Learning\Assigment 1\Skin Disease\skin_disease_cnn_assignment\data\raw\val\Atopic Dermatitis\1_26.jpg,1_26.jpg,val,Atopic Dermatitis,.jpg,24.41,252391199de14cf99c466e0ced7962815a807da72544b693540f216b8d52da74,294,222,3,RGB,False
G:\My Drive\Document\S2 MSIT\Deep Learning\Assigment 1\Skin Disease\skin_disease_cnn_assignment\data\raw\val\Atopic Dermatitis\1_27.jpg,1_27.jpg,val,Atopic Dermatitis,.jpg,15.23,deceddceccebc61fc664185fe17322c7ab44242f9577db1ff3f2918fd6b6f16f,294,222,3,RGB,False
G:\My Drive\Document\S2 MSIT\Deep Learning\Assigment 1\Skin Disease\skin_disease_cnn_assignment\data\raw\val\Atopic Dermatitis\1_29.jpg,1_29.jpg,val,Atopic Dermatitis,.jpg,19.61,4767fe9aae2a9853d44e0b3dabecd214ee59a23ef0a6409bcca39560100705b2,294,222,3,RGB,False
G:\My Drive\Document\S2 MSIT\Deep Learning\Assigment 1\Skin Disease\skin_disease_cnn_assignment\data\raw\val\Atopic Dermatitis\1_30.jpg,1_30.jpg,val,Atopic Dermatitis,.jpg,13.95,61063e5e2425b3c4af9d4e8a3fbc48b9403bb3cf290864325a9b419e0e715ee1,294,222,3,RGB,False
G:\My Drive\Document\S2 MSIT\Deep Learning\Assigment 1\Skin Disease\skin_disease_cnn_assignment\data\raw\val\Atopic Dermatitis\1_35.jpg,1_35.jpg,val,Atopic Dermatitis,.jpg,16.32,a50f479d12e795d572fa766ed1993bc8d9762ee13e5dbe15323e3661dcea4541,294,222,3,RGB,False
G:\My Drive\Document\S2 MSIT\Deep Learning\Assigment 1\Skin Disease\skin_disease_cnn_assignment\data\raw\val\Atopic Dermatitis\1_36.jpg,1_36.jpg,val,Atopic Dermatitis,.jpg,15.89,cfb76da9183e6fc1a7b31aa4410fb306edf32452e9e7acfbfbbf54c4ef1974a2,294,222,3,RGB,False
G:\My Drive\Document\S2 MSIT\Deep Learning\Assigment 1\Skin Disease\skin_disease_cnn_assignment\data\raw\val\Atopic Dermatitis\1_39.jpg,1_39.jpg,val,Atopic Dermatitis,.jpg,19.8,d409bed0cbe1211beee7c22994308e9f92073331c8406e9ebf62d353d6b43601,294,222,3,RGB,False
G:\My Drive\Document\S2 MSIT\Deep Learning\Assigment 1\Skin Disease\skin_disease_cnn_assignment\data\raw\val\Atopic Dermatitis\1_41.jpg,1_41.jpg,val,Atopic Dermatitis,.jpg,16.63,e52cfeb271e7590cea2a8402b9948bbbb557464ed95a5a4522bee9e65e2b231e,294,222,3,RGB,False
G:\My Drive\Document\S2 MSIT\Deep Learning\Assigment 1\Skin Disease\skin_disease_cnn_assignment\data\raw\val\Atopic Dermatitis\1_42.jpg,1_42.jpg,val,Atopic Dermatitis,.jpg,18.42,39b399701bc78d5decfe07cfbfd264b54df8047a36c79540467a4b7ea250a8e9,294,222,3,RGB,False
G:\My Drive\Document\S2 MSIT\Deep Learning\Assigment 1\Skin Disease\skin_disease_cnn_assignment\data\raw\val\Atopic Dermatitis\1_43.jpg,1_43.jpg,val,Atopic Dermatitis,.jpg,26.56,47bc1f3609264bea9481cb65ecff979e2f2dd233d4491f8d45f09512a861b08d,294,222,3,RGB,False
G:\My Drive\Document\S2 MSIT\Deep Learning\Assigment 1\Skin Disease\skin_disease_cnn_assignment\data\raw\val\Atopic Dermatitis\1_44.jpg,1_44.jpg,val,Atopic Dermatitis,.jpg,24.8,1de43db57812b57b13f3ff645797e22cee7908ca09eeeffec3e4b586e8031955,294,222,3,RGB,False
G:\My Drive\Document\S2 MSIT\Deep Learning\Assigment 1\Skin Disease\skin_disease_cnn_assignment\data\raw\val\Benign keratosis\ISIC_0014603_downsampled.jpg,ISIC_0014603_downsampled.jpg,val,Benign keratosis,.jpg,238.74,a74da2949445bd523b9ddfdf454be002e89873b195bcbec04627375c2e93ca7e,1024,764,3,RGB,False
G:\My Drive\Document\S2 MSIT\Deep Learning\Assigment 1\Skin Disease\skin_disease_cnn_assignment\data\raw\val\Benign keratosis\ISIC_0014605_downsampled.jpg,ISIC_0014605_downsampled.jpg,val,Benign keratosis,.jpg,239.53,8cfcaa1176e7bc1b4f185eecbe7ca3f1fc6521bdda29583cf565c34ef47d8b66,1024,764,3,RGB,False
G:\My Drive\Document\S2 MSIT\Deep Learning\Assigment 1\Skin Disease\skin_disease_cnn_assignment\data\raw\val\Benign keratosis\ISIC_0014609_downsampled.jpg,ISIC_0014609_downsampled.jpg,val,Benign keratosis,.jpg,230.99,1755d536f331dd9395e192a405ec35ea0d1983f32b6266667946f0c3097c2bc7,1024,764,3,RGB,False
G:\My Drive\Document\S2 MSIT\Deep Learning\Assigment 1\Skin Disease\skin_disease_cnn_assignment\data\raw\val\Benign keratosis\ISIC_0014613_downsampled.jpg,ISIC_0014613_downsampled.jpg,val,Benign keratosis,.jpg,303.98,55e58f178f0197db529b5f5fab74614cfc320b9f83c5b1bd71e5f8f10aa3e7a7,1024,764,3,RGB,False
G:\My Drive\Document\S2 MSIT\Deep Learning\Assigment 1\Skin Disease\skin_disease_cnn_assignment\data\raw\val\Benign keratosis\ISIC_0014617_downsampled.jpg,ISIC_0014617_downsampled.jpg,val,Benign keratosis,.jpg,319.2,9279df7b966524f83ddaec2567a36fcf00fe9ae6ee245c17d2a8f6e8a0f639b0,1024,764,3,RGB,False
G:\My Drive\Document\S2 MSIT\Deep Learning\Assigment 1\Skin Disease\skin_disease_cnn_assignment\data\raw\val\Benign keratosis\ISIC_0014619_downsampled.jpg,ISIC_0014619_downsampled.jpg,val,Benign keratosis,.jpg,253.81,e8cc919df1675c8b800184a9e8df5aa900a6d7091cef63396b748547b9ae4d5d,1024,764,3,RGB,False
G:\My Drive\Document\S2 MSIT\Deep Learning\Assigment 1\Skin Disease\skin_disease_cnn_assignment\data\raw\val\Benign keratosis\ISIC_0014621_downsampled.jpg,ISIC_0014621_downsampled.jpg,val,Benign keratosis,.jpg,360.27,6dbe8efed37e393d815fd17d54713884f192e3749ef65398e47c495d69f4158f,1024,764,3,RGB,False
G:\My Drive\Document\S2 MSIT\Deep Learning\Assigment 1\Skin Disease\skin_disease_cnn_assignment\data\raw\val\Benign keratosis\ISIC_0014622_downsampled.jpg,ISIC_0014622_downsampled.jpg,val,Benign keratosis,.jpg,311.07,c9f01e281e6b9c383bfe93bcb51b90dc86460c8d5441726ebfa7370a652f4df1,1024,764,3,RGB,False
G:\My Drive\Document\S2 MSIT\Deep Learning\Assigment 1\Skin Disease\skin_disease_cnn_assignment\data\raw\val\Benign keratosis\ISIC_0014627_downsampled.jpg,ISIC_0014627_downsampled.jpg,val,Benign keratosis,.jpg,270.82,9f6822fa7d614458c86f3f6a10024301498216aaf1447e1392481d5459988e06,1024,764,3,RGB,False
G:\My Drive\Document\S2 MSIT\Deep Learning\Assigment 1\Skin Disease\skin_disease_cnn_assignment\data\raw\val\Benign keratosis\ISIC_0014633_downsampled.jpg,ISIC_0014633_downsampled.jpg,val,Benign keratosis,.jpg,214.76,4d06201f4111b2c90ead39789ffb8f8e44c162a4673eaa0da641047547fa88b0,1024,764,3,RGB,False
G:\My Drive\Document\S2 MSIT\Deep Learning\Assigment 1\Skin Disease\skin_disease_cnn_assignment\data\raw\val\Benign keratosis\ISIC_0014641_downsampled.jpg,ISIC_0014641_downsampled.jpg,val,Benign keratosis,.jpg,210.77,8644a8ed983164cd859e7f0ca2f0c99c490e611fa3a4e71dee7a06c991f91604,1024,764,3,RGB,False
G:\My Drive\Document\S2 MSIT\Deep Learning\Assigment 1\Skin Disease\skin_disease_cnn_assignment\data\raw\val\Benign keratosis\ISIC_0014649_downsampled.jpg,ISIC_0014649_downsampled.jpg,val,Benign keratosis,.jpg,242.18,6e1547598f2d189acb0b89efe069eedf5f5273dc00f3736ecd22868a214907c9,1024,764,3,RGB,False
G:\My Drive\Document\S2 MSIT\Deep Learning\Assigment 1\Skin Disease\skin_disease_cnn_assignment\data\raw\val\Benign keratosis\ISIC_0014651_downsampled.jpg,ISIC_0014651_downsampled.jpg,val,Benign keratosis,.jpg,208.38,695fdd86761cc947e2623271c1d14761c8779c390fff619d2736e29c249ea42c,1024,764,3,RGB,False
G:\My Drive\Document\S2 MSIT\Deep Learning\Assigment 1\Skin Disease\skin_disease_cnn_assignment\data\raw\val\Benign keratosis\ISIC_0014653_downsampled.jpg,ISIC_0014653_downsampled.jpg,val,Benign keratosis,.jpg,231.53,8aa6dfae3288df0f5b39cbd62fdb757fa9bd3852562febdc77f8cedb7b9288ea,1024,764,3,RGB,False
G:\My Drive\Document\S2 MSIT\Deep Learning\Assigment 1\Skin Disease\skin_disease_cnn_assignment\data\raw\val\Benign keratosis\ISIC_0015038_downsampled.jpg,ISIC_0015038_downsampled.jpg,val,Benign keratosis,.jpg,250.51,faa701af750b2e562a979dd44d329e835cec6fbf2daec03b4e459aeccf6273b3,1024,679,3,RGB,False
G:\My Drive\Document\S2 MSIT\Deep Learning\Assigment 1\Skin Disease\skin_disease_cnn_assignment\data\raw\val\Benign keratosis\ISIC_0015108_downsampled.jpg,ISIC_0015108_downsampled.jpg,val,Benign keratosis,.jpg,288.07,a5bd6135a8691d2506c9652f381fb818084f880ed129e99812ce3aba1a5f76c3,1024,681,3,RGB,False
G:\My Drive\Document\S2 MSIT\Deep Learning\Assigment 1\Skin Disease\skin_disease_cnn_assignment\data\raw\val\Benign keratosis\ISIC_0015170_downsampled.jpg,ISIC_0015170_downsampled.jpg,val,Benign keratosis,.jpg,249.93,ee9339c8e6eb4d67ec1d10cd4ae6db026b013f7aadc9394ede9307fea7332bf9,1024,679,3,RGB,False
G:\My Drive\Document\S2 MSIT\Deep Learning\Assigment 1\Skin Disease\skin_disease_cnn_assignment\data\raw\val\Benign keratosis\ISIC_0015220_downsampled.jpg,ISIC_0015220_downsampled.jpg,val,Benign keratosis,.jpg,235.17,e73ed4fee7bf17678ddf6dc78cfe3b81970dafc48e55e05aac4337ebe52f8a26,1024,680,3,RGB,False
G:\My Drive\Document\S2 MSIT\Deep Learning\Assigment 1\Skin Disease\skin_disease_cnn_assignment\data\raw\val\Benign keratosis\ISIC_0015233_downsampled.jpg,ISIC_0015233_downsampled.jpg,val,Benign keratosis,.jpg,257.73,472dc8852b1d3a77131a279b3c4b652aa4d24bb2dc3c24dc35723c3fc7b73596,1024,678,3,RGB,False
G:\My Drive\Document\S2 MSIT\Deep Learning\Assigment 1\Skin Disease\skin_disease_cnn_assignment\data\raw\val\Benign keratosis\ISIC_0015260_downsampled.jpg,ISIC_0015260_downsampled.jpg,val,Benign keratosis,.jpg,289.18,a081354d73fafb5ed1e5c7aeb9efe9098ac9cf95094a6ef98f918a55fdfbc0ea,1024,677,3,RGB,False
G:\My Drive\Document\S2 MSIT\Deep Learning\Assigment 1\Skin Disease\skin_disease_cnn_assignment\data\raw\val\Dermatofibroma\ISIC_0024330.jpg,ISIC_0024330.jpg,val,Dermatofibroma,.jpg,232.01,4f48c96f912e0675d00f57e107489e555a90bb04aef13e34fb8f0f6f620b4dc5,600,450,3,RGB,False
G:\My Drive\Document\S2 MSIT\Deep Learning\Assigment 1\Skin Disease\skin_disease_cnn_assignment\data\raw\val\Dermatofibroma\ISIC_0024973.jpg,ISIC_0024973.jpg,val,Dermatofibroma,.jpg,254.95,c4c6d97a71d2137b896e2184626504d86e8d3c5d25e1433b1877680ef587fddb,600,450,3,RGB,False
G:\My Drive\Document\S2 MSIT\Deep Learning\Assigment 1\Skin Disease\skin_disease_cnn_assignment\data\raw\val\Dermatofibroma\ISIC_0024994.jpg,ISIC_0024994.jpg,val,Dermatofibroma,.jpg,321.67,086d98bbad60a8f2762ca5dd84bf74d31836775b4735c0b6fc5e884df895a6f9,600,450,3,RGB,False
G:\My Drive\Document\S2 MSIT\Deep Learning\Assigment 1\Skin Disease\skin_disease_cnn_assignment\data\raw\val\Dermatofibroma\ISIC_0025154.jpg,ISIC_0025154.jpg,val,Dermatofibroma,.jpg,214.15,70da163ab49eb3f9b4855e37cd423e8d29531cac160f2f9e6142bbfb84781317,600,450,3,RGB,False
G:\My Drive\Document\S2 MSIT\Deep Learning\Assigment 1\Skin Disease\skin_disease_cnn_assignment\data\raw\val\Dermatofibroma\ISIC_0026254.jpg,ISIC_0026254.jpg,val,Dermatofibroma,.jpg,348.72,ba75c90ab4b34f620aef7ae563b92838d523649ff7bbfb595bc6568efec52dd1,600,450,3,RGB,False
G:\My Drive\Document\S2 MSIT\Deep Learning\Assigment 1\Skin Disease\skin_disease_cnn_assignment\data\raw\val\Dermatofibroma\ISIC_0026313.jpg,ISIC_0026313.jpg,val,Dermatofibroma,.jpg,296.19,f6db1d2667a7ca5ef6b3a974c4b01973a064d6f60e66f6fc23358f071eea5bfe,600,450,3,RGB,False
G:\My Drive\Document\S2 MSIT\Deep Learning\Assigment 1\Skin Disease\skin_disease_cnn_assignment\data\raw\val\Dermatofibroma\ISIC_0026473.jpg,ISIC_0026473.jpg,val,Dermatofibroma,.jpg,276.15,e7a2930f083a5ee460907ddfbe95dfcf2bd5bd23b3eaf634714feadb6cf89505,600,450,3,RGB,False
G:\My Drive\Document\S2 MSIT\Deep Learning\Assigment 1\Skin Disease\skin_disease_cnn_assignment\data\raw\val\Dermatofibroma\ISIC_0026789.jpg,ISIC_0026789.jpg,val,Dermatofibroma,.jpg,253.86,7383a9ec8729c9423870d350b6e8e5465c3c4023f2916a496811a7ae5a63297c,600,450,3,RGB,False
G:\My Drive\Document\S2 MSIT\Deep Learning\Assigment 1\Skin Disease\skin_disease_cnn_assignment\data\raw\val\Dermatofibroma\ISIC_0027216.jpg,ISIC_0027216.jpg,val,Dermatofibroma,.jpg,291.08,3917894d1f11f9b5871c1625cf9410882671b1e9fc65a128da6d2b024f910cd8,600,450,3,RGB,False
G:\My Drive\Document\S2 MSIT\Deep Learning\Assigment 1\Skin Disease\skin_disease_cnn_assignment\data\raw\val\Dermatofibroma\ISIC_0027626.jpg,ISIC_0027626.jpg,val,Dermatofibroma,.jpg,319.35,bf1055a7f3a4a19040eb0b089ac296d3140bcc1cfadc3a97f6891a47673d5d3e,600,450,3,RGB,False
G:\My Drive\Document\S2 MSIT\Deep Learning\Assigment 1\Skin Disease\skin_disease_cnn_assignment\data\raw\val\Dermatofibroma\ISIC_0027648.jpg,ISIC_0027648.jpg,val,Dermatofibroma,.jpg,159.07,c45aa8ac9b254cda64da3fbfd68cc36fce6441664091729f5eb0c0db99e298c1,600,450,3,RGB,False
G:\My Drive\Document\S2 MSIT\Deep Learning\Assigment 1\Skin Disease\skin_disease_cnn_assignment\data\raw\val\Dermatofibroma\ISIC_0029039.jpg,ISIC_0029039.jpg,val,Dermatofibroma,.jpg,153.32,956ed30d44ec5121562d9da7e6974e1025d96ac4ec2101bdd35204d684f790cf,600,450,3,RGB,False
G:\My Drive\Document\S2 MSIT\Deep Learning\Assigment 1\Skin Disease\skin_disease_cnn_assignment\data\raw\val\Dermatofibroma\ISIC_0029297.jpg,ISIC_0029297.jpg,val,Dermatofibroma,.jpg,327.93,7df75f6e634fe4a3384618f1302992bef940bd47fe4bf4514a957865ff49640d,600,450,3,RGB,False
G:\My Drive\Document\S2 MSIT\Deep Learning\Assigment 1\Skin Disease\skin_disease_cnn_assignment\data\raw\val\Dermatofibroma\ISIC_0029578.jpg,ISIC_0029578.jpg,val,Dermatofibroma,.jpg,273.29,2e2b4d3374e27b36b0401a5141317263996ee39759a719ab4d96f471f802391e,600,450,3,RGB,False
G:\My Drive\Document\S2 MSIT\Deep Learning\Assigment 1\Skin Disease\skin_disease_cnn_assignment\data\raw\val\Dermatofibroma\ISIC_0029760.jpg,ISIC_0029760.jpg,val,Dermatofibroma,.jpg,240.15,4d077f2bd59a1d73f6586a888cae481775b926f79649c9b579aa1b1f2c910d09,600,450,3,RGB,False
G:\My Drive\Document\S2 MSIT\Deep Learning\Assigment 1\Skin Disease\skin_disease_cnn_assignment\data\raw\val\Dermatofibroma\ISIC_0029824.jpg,ISIC_0029824.jpg,val,Dermatofibroma,.jpg,303.29,57db6bced463c423eaed9900f3c356db1d0e4d5a9b5df3d0111c34071546e4c2,600,450,3,RGB,False
G:\My Drive\Document\S2 MSIT\Deep Learning\Assigment 1\Skin Disease\skin_disease_cnn_assignment\data\raw\val\Dermatofibroma\ISIC_0029967.jpg,ISIC_0029967.jpg,val,Dermatofibroma,.jpg,217.26,496cfa6cbcad3461f31d20e7924c1d4b071244463cb0a93927b38150c7ff6250,600,450,3,RGB,False
G:\My Drive\Document\S2 MSIT\Deep Learning\Assigment 1\Skin Disease\skin_disease_cnn_assignment\data\raw\val\Dermatofibroma\ISIC_0030442.jpg,ISIC_0030442.jpg,val,Dermatofibroma,.jpg,289.66,451434b3080817d56ca048cf05696dc29c58c7045f369c75a5a6c4003fde8a32,600,450,3,RGB,False
G:\My Drive\Document\S2 MSIT\Deep Learning\Assigment 1\Skin Disease\skin_disease_cnn_assignment\data\raw\val\Dermatofibroma\ISIC_0030555.jpg,ISIC_0030555.jpg,val,Dermatofibroma,.jpg,251.69,b43da822d3d9e815f5289e8b1ab5e82ac3bcc076765d4cd5d1dda7d4c0ad47fa,600,450,3,RGB,False
G:\My Drive\Document\S2 MSIT\Deep Learning\Assigment 1\Skin Disease\skin_disease_cnn_assignment\data\raw\val\Dermatofibroma\ISIC_0031443.jpg,ISIC_0031443.jpg,val,Dermatofibroma,.jpg,349.5,fe4e4b8cd7ea25bd477b1210e60f6b38d5accd8835b4d41101ab59d042d131cf,600,450,3,RGB,False
G:\My Drive\Document\S2 MSIT\Deep Learning\Assigment 1\Skin Disease\skin_disease_cnn_assignment\data\raw\val\Melanocytic nevus\ISIC_0000001.jpg,ISIC_0000001.jpg,val,Melanocytic nevus,.jpg,38.03,6180745ca3044c6267b58dd77ae821fca7df549c64bb65d0591e088f67b84547,1022,767,3,RGB,False
G:\My Drive\Document\S2 MSIT\Deep Learning\Assigment 1\Skin Disease\skin_disease_cnn_assignment\data\raw\val\Melanocytic nevus\ISIC_0000015.jpg,ISIC_0000015.jpg,val,Melanocytic nevus,.jpg,44.51,c4667b17e345d70ef92133191f570c17a04903db2f538f5a1d779fe7e90b1162,1022,767,3,RGB,False
G:\My Drive\Document\S2 MSIT\Deep Learning\Assigment 1\Skin Disease\skin_disease_cnn_assignment\data\raw\val\Melanocytic nevus\ISIC_0000016.jpg,ISIC_0000016.jpg,val,Melanocytic nevus,.jpg,33.58,15f76d37c756cc77129d6d5f54f9e9990f33bc78678a73fe3337fd17520b2410,1022,767,3,RGB,False
G:\My Drive\Document\S2 MSIT\Deep Learning\Assigment 1\Skin Disease\skin_disease_cnn_assignment\data\raw\val\Melanocytic nevus\ISIC_0000017_downsampled.jpg,ISIC_0000017_downsampled.jpg,val,Melanocytic nevus,.jpg,197.91,c2034452e3858859879c91689ae60074979fce96d2aae000c53044ccefd8e615,1024,768,3,RGB,False
G:\My Drive\Document\S2 MSIT\Deep Learning\Assigment 1\Skin Disease\skin_disease_cnn_assignment\data\raw\val\Melanocytic nevus\ISIC_0000019_downsampled.jpg,ISIC_0000019_downsampled.jpg,val,Melanocytic nevus,.jpg,206.78,404adf4f4f7a70103a073b2dbd0d5a09c1e911d8b1b323ac9f0c326735542ce1,1024,768,3,RGB,False
G:\My Drive\Document\S2 MSIT\Deep Learning\Assigment 1\Skin Disease\skin_disease_cnn_assignment\data\raw\val\Melanocytic nevus\ISIC_0000020_downsampled.jpg,ISIC_0000020_downsampled.jpg,val,Melanocytic nevus,.jpg,216.45,d66a860794fd7842f8589ebe5fbb8baf18346d4495546af185369480b4e63e4d,1024,768,3,RGB,False
G:\My Drive\Document\S2 MSIT\Deep Learning\Assigment 1\Skin Disease\skin_disease_cnn_assignment\data\raw\val\Melanocytic nevus\ISIC_0000025_downsampled.jpg,ISIC_0000025_downsampled.jpg,val,Melanocytic nevus,.jpg,201.63,7b4b98143ea0b351ebc43267107cbb2223df31fec611bc64c0249a634a971db1,1024,768,3,RGB,False
G:\My Drive\Document\S2 MSIT\Deep Learning\Assigment 1\Skin Disease\skin_disease_cnn_assignment\data\raw\val\Melanocytic nevus\ISIC_0000032_downsampled.jpg,ISIC_0000032_downsampled.jpg,val,Melanocytic nevus,.jpg,219.22,509401ba8931e2eb6aba5bdbbcc18f600128c1c710b0d35509ccb5bba95fc9c9,1024,768,3,RGB,False
G:\My Drive\Document\S2 MSIT\Deep Learning\Assigment 1\Skin Disease\skin_disease_cnn_assignment\data\raw\val\Melanocytic nevus\ISIC_0000034_downsampled.jpg,ISIC_0000034_downsampled.jpg,val,Melanocytic nevus,.jpg,216.75,052789dbb9789888b7a87618930ce5275aeda01f75e895d47a6138666bdc614e,1024,768,3,RGB,False
G:\My Drive\Document\S2 MSIT\Deep Learning\Assigment 1\Skin Disease\skin_disease_cnn_assignment\data\raw\val\Melanocytic nevus\ISIC_0000038_downsampled.jpg,ISIC_0000038_downsampled.jpg,val,Melanocytic nevus,.jpg,189.37,634962140eb9c136264b73ecf933b7087342f06c1a708625a532b2c539b649b3,1024,768,3,RGB,False
G:\My Drive\Document\S2 MSIT\Deep Learning\Assigment 1\Skin Disease\skin_disease_cnn_assignment\data\raw\val\Melanocytic nevus\ISIC_0000045_downsampled.jpg,ISIC_0000045_downsampled.jpg,val,Melanocytic nevus,.jpg,179.46,e8edc12e58de446076d5cee582c60830de844e11426704ec1fa22741ab96f083,1024,768,3,RGB,False
G:\My Drive\Document\S2 MSIT\Deep Learning\Assigment 1\Skin Disease\skin_disease_cnn_assignment\data\raw\val\Melanocytic nevus\ISIC_0000057_downsampled.jpg,ISIC_0000057_downsampled.jpg,val,Melanocytic nevus,.jpg,163.93,1c99bb03c5e1a03f9208fc4a66659299da2e1499908d8392f7f425bc5a869254,1024,768,3,RGB,False
G:\My Drive\Document\S2 MSIT\Deep Learning\Assigment 1\Skin Disease\skin_disease_cnn_assignment\data\raw\val\Melanocytic nevus\ISIC_0000058_downsampled.jpg,ISIC_0000058_downsampled.jpg,val,Melanocytic nevus,.jpg,171.83,4815177a2108f2c38ef7de5c8e166ddcf5e0def7ff1ec59ec5f41ebc56209741,1024,768,3,RGB,False
G:\My Drive\Document\S2 MSIT\Deep Learning\Assigment 1\Skin Disease\skin_disease_cnn_assignment\data\raw\val\Melanocytic nevus\ISIC_0000062_downsampled.jpg,ISIC_0000062_downsampled.jpg,val,Melanocytic nevus,.jpg,188.67,e1e63203e559f5e7c794564d7d480787b7be7713c799e1d0d0a0b27f9fc940f3,1024,768,3,RGB,False
G:\My Drive\Document\S2 MSIT\Deep Learning\Assigment 1\Skin Disease\skin_disease_cnn_assignment\data\raw\val\Melanocytic nevus\ISIC_0000065_downsampled.jpg,ISIC_0000065_downsampled.jpg,val,Melanocytic nevus,.jpg,151.71,948f5b6f3b29363e4f88e1117606c0794a5dcd4bb467096baca787eb11dacbe9,1024,768,3,RGB,False
G:\My Drive\Document\S2 MSIT\Deep Learning\Assigment 1\Skin Disease\skin_disease_cnn_assignment\data\raw\val\Melanocytic nevus\ISIC_0000071.jpg,ISIC_0000071.jpg,val,Melanocytic nevus,.jpg,41.8,3f329c180c209f9da7c8cca6a95146e859071e543f8513abb9fc2b4b984bca6d,1022,767,3,RGB,False
G:\My Drive\Document\S2 MSIT\Deep Learning\Assigment 1\Skin Disease\skin_disease_cnn_assignment\data\raw\val\Melanocytic nevus\ISIC_0000075.jpg,ISIC_0000075.jpg,val,Melanocytic nevus,.jpg,66.0,f587900dc609a5d11733a1cd1a7c752fc8d1356831ddc41c53c4255271d0373a,1022,767,3,RGB,False
G:\My Drive\Document\S2 MSIT\Deep Learning\Assigment 1\Skin Disease\skin_disease_cnn_assignment\data\raw\val\Melanocytic nevus\ISIC_0000093_downsampled.jpg,ISIC_0000093_downsampled.jpg,val,Melanocytic nevus,.jpg,145.7,f3c42facd58fc509efefff7f076b5b96e155399057f9dc0b2deb47c3f706cfb1,1024,768,3,RGB,False
G:\My Drive\Document\S2 MSIT\Deep Learning\Assigment 1\Skin Disease\skin_disease_cnn_assignment\data\raw\val\Melanocytic nevus\ISIC_0000097_downsampled.jpg,ISIC_0000097_downsampled.jpg,val,Melanocytic nevus,.jpg,168.93,8e4fa536b949755a60ec08fc5e4ab646cbedc151491bcbc26fba6e37977900ab,1024,768,3,RGB,False
G:\My Drive\Document\S2 MSIT\Deep Learning\Assigment 1\Skin Disease\skin_disease_cnn_assignment\data\raw\val\Melanocytic nevus\ISIC_0000101_downsampled.jpg,ISIC_0000101_downsampled.jpg,val,Melanocytic nevus,.jpg,239.16,e252a96d0bad3c6a1024faf1b3bb20bb2091c968a7f3958162e12e3c7deb3058,1024,768,3,RGB,False
G:\My Drive\Document\S2 MSIT\Deep Learning\Assigment 1\Skin Disease\skin_disease_cnn_assignment\data\raw\val\Melanoma\ISIC_0000166.jpg,ISIC_0000166.jpg,val,Melanoma,.jpg,30.54,d3e38c6790c5dc7c91d2371e972de07e12d8784aa44a220b8e331d657a555dc7,722,542,3,RGB,False
G:\My Drive\Document\S2 MSIT\Deep Learning\Assigment 1\Skin Disease\skin_disease_cnn_assignment\data\raw\val\Melanoma\ISIC_0000172.jpg,ISIC_0000172.jpg,val,Melanoma,.jpg,50.03,5ac0240208d71fa8b154d0a59ca19191cfee890a380038fa0bb73fb2da4e6f82,962,674,3,RGB,False
G:\My Drive\Document\S2 MSIT\Deep Learning\Assigment 1\Skin Disease\skin_disease_cnn_assignment\data\raw\val\Melanoma\ISIC_0000175.jpg,ISIC_0000175.jpg,val,Melanoma,.jpg,39.14,6596157617d012d21a870e4f1a54a245375dc30a6d6648e40244760f0cd556d6,966,638,3,RGB,False
G:\My Drive\Document\S2 MSIT\Deep Learning\Assigment 1\Skin Disease\skin_disease_cnn_assignment\data\raw\val\Melanoma\ISIC_0000298.jpg,ISIC_0000298.jpg,val,Melanoma,.jpg,332.73,e983b9e339a1cef7a9512a50f387b6dee2d6f046e00e8ba1cd9cd6457b5baee4,767,576,3,RGB,False
G:\My Drive\Document\S2 MSIT\Deep Learning\Assigment 1\Skin Disease\skin_disease_cnn_assignment\data\raw\val\Melanoma\ISIC_0000313.jpg,ISIC_0000313.jpg,val,Melanoma,.jpg,317.78,f905bff2f36766a814b4a2660b57dc07960b6030a95fcd6cacdd25ca82f346fd,767,576,3,RGB,False
G:\My Drive\Document\S2 MSIT\Deep Learning\Assigment 1\Skin Disease\skin_disease_cnn_assignment\data\raw\val\Melanoma\ISIC_0000469.jpg,ISIC_0000469.jpg,val,Melanoma,.jpg,434.72,ce7ae467f307fcef9d11f9f7598dbfc2e68abee06fd154c0e30fe0c35d41f672,919,802,3,RGB,False
G:\My Drive\Document\S2 MSIT\Deep Learning\Assigment 1\Skin Disease\skin_disease_cnn_assignment\data\raw\val\Melanoma\ISIC_0000550.jpg,ISIC_0000550.jpg,val,Melanoma,.jpg,46.98,88078010d44fa0ed66b517fa0931df575296b912ff0c8d3b8ea73099a039d1b4,824,719,3,RGB,False
G:\My Drive\Document\S2 MSIT\Deep Learning\Assigment 1\Skin Disease\skin_disease_cnn_assignment\data\raw\val\Melanoma\ISIC_0000554.jpg,ISIC_0000554.jpg,val,Melanoma,.jpg,40.98,ea099cea060c2cfa503acafbb8559d4248c7d339039f50fdd555ac6b95086b74,824,719,3,RGB,False
G:\My Drive\Document\S2 MSIT\Deep Learning\Assigment 1\Skin Disease\skin_disease_cnn_assignment\data\raw\val\Melanoma\ISIC_0001100_downsampled.jpg,ISIC_0001100_downsampled.jpg,val,Melanoma,.jpg,202.06,58d8ad7d3eebca1daa74c986015b2490f056de4b7374d6923f47ba51ca99c7a2,1024,768,3,RGB,False
G:\My Drive\Document\S2 MSIT\Deep Learning\Assigment 1\Skin Disease\skin_disease_cnn_assignment\data\raw\val\Melanoma\ISIC_0009868.jpg,ISIC_0009868.jpg,val,Melanoma,.jpg,156.07,25a3d9cc60a0dc4ffea38e955a2b5cdaa379eaac0d23407e7ded497aeb334946,1024,768,3,RGB,False
G:\My Drive\Document\S2 MSIT\Deep Learning\Assigment 1\Skin Disease\skin_disease_cnn_assignment\data\raw\val\Melanoma\ISIC_0009897.jpg,ISIC_0009897.jpg,val,Melanoma,.jpg,57.91,f0c67f61fd8d01b7193c75bfecccbf5999d873a425f637e3deca58efe77276dc,1024,768,3,RGB,False
G:\My Drive\Document\S2 MSIT\Deep Learning\Assigment 1\Skin Disease\skin_disease_cnn_assignment\data\raw\val\Melanoma\ISIC_0009910.jpg,ISIC_0009910.jpg,val,Melanoma,.jpg,215.17,18c044084b8052995fc3c5c09a17cc827db459f21285e6acfa32b234e683d29e,1024,768,3,RGB,False
G:\My Drive\Document\S2 MSIT\Deep Learning\Assigment 1\Skin Disease\skin_disease_cnn_assignment\data\raw\val\Melanoma\ISIC_0009918.jpg,ISIC_0009918.jpg,val,Melanoma,.jpg,226.3,c0b969e7334c78e5650cfe173a709c8415dddbcd727ddf5d1ff2423e3245b6f1,1024,768,3,RGB,False
G:\My Drive\Document\S2 MSIT\Deep Learning\Assigment 1\Skin Disease\skin_disease_cnn_assignment\data\raw\val\Melanoma\ISIC_0010054.jpg,ISIC_0010054.jpg,val,Melanoma,.jpg,179.85,a45e17c0af04ce24d1e200650f394bf822ddc174f62d5ac98c45e4ad1408879b,1024,768,3,RGB,False
G:\My Drive\Document\S2 MSIT\Deep Learning\Assigment 1\Skin Disease\skin_disease_cnn_assignment\data\raw\val\Melanoma\ISIC_0010067.jpg,ISIC_0010067.jpg,val,Melanoma,.jpg,158.18,54ea32b145774a962bf14da6072b1d5f28dd786374ef02de6e9b6e925a827ee0,1024,768,3,RGB,False
G:\My Drive\Document\S2 MSIT\Deep Learning\Assigment 1\Skin Disease\skin_disease_cnn_assignment\data\raw\val\Melanoma\ISIC_0010231.jpg,ISIC_0010231.jpg,val,Melanoma,.jpg,211.06,f56e2235f0882ff20436b2073d011bb6ff0f89cee7a0b3294dfff7819f9ad375,1024,768,3,RGB,False
G:\My Drive\Document\S2 MSIT\Deep Learning\Assigment 1\Skin Disease\skin_disease_cnn_assignment\data\raw\val\Melanoma\ISIC_0010240.jpg,ISIC_0010240.jpg,val,Melanoma,.jpg,213.47,64b3bcf34c4e95517cb0f6fff89a55ac87e894bf88ddfbb90e932cc30b9663fa,1024,768,3,RGB,False
G:\My Drive\Document\S2 MSIT\Deep Learning\Assigment 1\Skin Disease\skin_disease_cnn_assignment\data\raw\val\Melanoma\ISIC_0011112.jpg,ISIC_0011112.jpg,val,Melanoma,.jpg,192.03,d47f5ba6fb4c74d69d22c5c9f1fcf25e04f6b3208de4596811637661532f109e,1024,768,3,RGB,False
G:\My Drive\Document\S2 MSIT\Deep Learning\Assigment 1\Skin Disease\skin_disease_cnn_assignment\data\raw\val\Melanoma\ISIC_0011130.jpg,ISIC_0011130.jpg,val,Melanoma,.jpg,146.1,fe1316491ce1bcdc72b83fe2f569d80efddf2d6f811b5306eb81b796d7ecf560,1024,768,3,RGB,False
G:\My Drive\Document\S2 MSIT\Deep Learning\Assigment 1\Skin Disease\skin_disease_cnn_assignment\data\raw\val\Melanoma\ISIC_0011135.jpg,ISIC_0011135.jpg,val,Melanoma,.jpg,182.46,7a9b4d383e09fc6bbd076af56b5c24e793a1641c51d1d0c4d46b4d54a9bc6f4e,1024,768,3,RGB,False
G:\My Drive\Document\S2 MSIT\Deep Learning\Assigment 1\Skin Disease\skin_disease_cnn_assignment\data\raw\val\Squamous cell carcinoma\ISIC_0024450.jpg,ISIC_0024450.jpg,val,Squamous cell carcinoma,.jpg,279.29,bbeaa31a6971fc15e6faf649610109e28726606291c4b84e9944e4db2197a883,600,450,3,RGB,False
G:\My Drive\Document\S2 MSIT\Deep Learning\Assigment 1\Skin Disease\skin_disease_cnn_assignment\data\raw\val\Squamous cell carcinoma\ISIC_0024843.jpg,ISIC_0024843.jpg,val,Squamous cell carcinoma,.jpg,240.23,1f6e4caea6b18e85bf1269626053c095e3cd56a12d9e94ad376a2fe09c3464c2,600,450,3,RGB,False
G:\My Drive\Document\S2 MSIT\Deep Learning\Assigment 1\Skin Disease\skin_disease_cnn_assignment\data\raw\val\Squamous cell carcinoma\ISIC_0024923.jpg,ISIC_0024923.jpg,val,Squamous cell carcinoma,.jpg,205.23,3289b6fa69fecdb448122f37e53697b26093a052c8e95f7972d579a69d534c10,600,450,3,RGB,False
G:\My Drive\Document\S2 MSIT\Deep Learning\Assigment 1\Skin Disease\skin_disease_cnn_assignment\data\raw\val\Squamous cell carcinoma\ISIC_0024946.jpg,ISIC_0024946.jpg,val,Squamous cell carcinoma,.jpg,196.18,7e4c8d3c52042ce1080356b5b7f00000d7f1b07f521fcaa7c40b50649ba0e695,600,450,3,RGB,False
G:\My Drive\Document\S2 MSIT\Deep Learning\Assigment 1\Skin Disease\skin_disease_cnn_assignment\data\raw\val\Squamous cell carcinoma\ISIC_0025029.jpg,ISIC_0025029.jpg,val,Squamous cell carcinoma,.jpg,235.91,788c25a55b16d936b3fd4df05e7f75ca9d0330cb2881b503459733ea248299ae,600,450,3,RGB,False
G:\My Drive\Document\S2 MSIT\Deep Learning\Assigment 1\Skin Disease\skin_disease_cnn_assignment\data\raw\val\Squamous cell carcinoma\ISIC_0025196.jpg,ISIC_0025196.jpg,val,Squamous cell carcinoma,.jpg,242.01,2b9d3038e18a6097990a77104c723485746933fd7b1f7cd1dc413f1805d9d4a8,600,450,3,RGB,False
G:\My Drive\Document\S2 MSIT\Deep Learning\Assigment 1\Skin Disease\skin_disease_cnn_assignment\data\raw\val\Squamous cell carcinoma\ISIC_0025247.jpg,ISIC_0025247.jpg,val,Squamous cell carcinoma,.jpg,228.03,9b388355dcd7d3cd4cc727e22e08cc1667f238d74aa50f5c46422ddf57c5fe79,600,450,3,RGB,False
G:\My Drive\Document\S2 MSIT\Deep Learning\Assigment 1\Skin Disease\skin_disease_cnn_assignment\data\raw\val\Squamous cell carcinoma\ISIC_0025712.jpg,ISIC_0025712.jpg,val,Squamous cell carcinoma,.jpg,253.99,d95e6ff954e60a6eb5a82197d1fe7580d401b9f982956c51181f9f59c1c7959a,600,450,3,RGB,False
G:\My Drive\Document\S2 MSIT\Deep Learning\Assigment 1\Skin Disease\skin_disease_cnn_assignment\data\raw\val\Squamous cell carcinoma\ISIC_0025948.jpg,ISIC_0025948.jpg,val,Squamous cell carcinoma,.jpg,239.7,f1b399321cd0013d714734020b05b6b1e736146241a142cbfbe66a169b5cf0c6,600,450,3,RGB,False
G:\My Drive\Document\S2 MSIT\Deep Learning\Assigment 1\Skin Disease\skin_disease_cnn_assignment\data\raw\val\Squamous cell carcinoma\ISIC_0026132.jpg,ISIC_0026132.jpg,val,Squamous cell carcinoma,.jpg,235.53,42597db942df99cd597b27629a34922697f3ae07ab0d051c44603b4bb02eaf4c,600,450,3,RGB,False
G:\My Drive\Document\S2 MSIT\Deep Learning\Assigment 1\Skin Disease\skin_disease_cnn_assignment\data\raw\val\Squamous cell carcinoma\ISIC_0026178.jpg,ISIC_0026178.jpg,val,Squamous cell carcinoma,.jpg,286.78,eedf7952343de748d14e1c3746d87d921ce450f0c5d5aeb36c8b9f21ebfc671f,600,450,3,RGB,False
G:\My Drive\Document\S2 MSIT\Deep Learning\Assigment 1\Skin Disease\skin_disease_cnn_assignment\data\raw\val\Squamous cell carcinoma\ISIC_0026206.jpg,ISIC_0026206.jpg,val,Squamous cell carcinoma,.jpg,235.08,5ec876c88728e824c95c7f7620e7271b55845d4ceef6d2584ac557095361ecef,600,450,3,RGB,False
G:\My Drive\Document\S2 MSIT\Deep Learning\Assigment 1\Skin Disease\skin_disease_cnn_assignment\data\raw\val\Squamous cell carcinoma\ISIC_0026327.jpg,ISIC_0026327.jpg,val,Squamous cell carcinoma,.jpg,276.21,2c63baf5bbe234cae98cc2752b5d409fc5020d8c23d038fc01c40b87e0986174,600,450,3,RGB,False
G:\My Drive\Document\S2 MSIT\Deep Learning\Assigment 1\Skin Disease\skin_disease_cnn_assignment\data\raw\val\Squamous cell carcinoma\ISIC_0026362.jpg,ISIC_0026362.jpg,val,Squamous cell carcinoma,.jpg,257.8,b4a29d6df5799c46cb7dc16fd0fd1dcce98e79f1a420de02ebf6e09da2ff96bb,600,450,3,RGB,False
G:\My Drive\Document\S2 MSIT\Deep Learning\Assigment 1\Skin Disease\skin_disease_cnn_assignment\data\raw\val\Squamous cell carcinoma\ISIC_0026522.jpg,ISIC_0026522.jpg,val,Squamous cell carcinoma,.jpg,293.59,b642c5165cce2ea6e1b73dcdab5c674a741cc3c3259a93e4768308d744622ecf,600,450,3,RGB,False
G:\My Drive\Document\S2 MSIT\Deep Learning\Assigment 1\Skin Disease\skin_disease_cnn_assignment\data\raw\val\Squamous cell carcinoma\ISIC_0026981.jpg,ISIC_0026981.jpg,val,Squamous cell carcinoma,.jpg,253.32,8d9757d655a9a0d6ecbb75050e1769359d0c5d40e90114f528b7c2dd306c9780,600,450,3,RGB,False
G:\My Drive\Document\S2 MSIT\Deep Learning\Assigment 1\Skin Disease\skin_disease_cnn_assignment\data\raw\val\Squamous cell carcinoma\ISIC_0027303.jpg,ISIC_0027303.jpg,val,Squamous cell carcinoma,.jpg,254.15,098bb58b982c7fa63dfcb46d5e591d47091ad857c6f607802d5b246b79049bd8,600,450,3,RGB,False
G:\My Drive\Document\S2 MSIT\Deep Learning\Assigment 1\Skin Disease\skin_disease_cnn_assignment\data\raw\val\Squamous cell carcinoma\ISIC_0027708.jpg,ISIC_0027708.jpg,val,Squamous cell carcinoma,.jpg,257.78,04192118bc163162ce3abb645c98457779a02f20235cdea082dd25675a81ff5b,600,450,3,RGB,False
G:\My Drive\Document\S2 MSIT\Deep Learning\Assigment 1\Skin Disease\skin_disease_cnn_assignment\data\raw\val\Squamous cell carcinoma\ISIC_0027753.jpg,ISIC_0027753.jpg,val,Squamous cell carcinoma,.jpg,264.74,591108b6a492dccdb87650c23d4b53c3974bd89372187eebfb33588698e3daa8,600,450,3,RGB,False
G:\My Drive\Document\S2 MSIT\Deep Learning\Assigment 1\Skin Disease\skin_disease_cnn_assignment\data\raw\val\Squamous cell carcinoma\ISIC_0027795.jpg,ISIC_0027795.jpg,val,Squamous cell carcinoma,.jpg,272.86,c319dc0b39da961405483a846815a4684a29c27de12486e09d71e2ee7791034b,600,450,3,RGB,False
G:\My Drive\Document\S2 MSIT\Deep Learning\Assigment 1\Skin Disease\skin_disease_cnn_assignment\data\raw\val\Tinea Ringworm Candidiasis\aug_0_B9780702044496000291_f029-001-9780702044496-1.jpg,aug_0_B9780702044496000291_f029-001-9780702044496-1.jpg,val,Tinea Ringworm Candidiasis,.jpg,7.93,f075013985d28b2e933c1bc9ed72f9f2f19ba62a4f9203db303521b94d495060,123,111,3,RGB,False
G:\My Drive\Document\S2 MSIT\Deep Learning\Assigment 1\Skin Disease\skin_disease_cnn_assignment\data\raw\val\Tinea Ringworm Candidiasis\aug_0_Cv-1.png,aug_0_Cv-1.png,val,Tinea Ringworm Candidiasis,.png,15.32,c6980d3d83f9a8322d6db178ff6a224c2f7362d07a8ef5f3f3a856573796ec49,72,137,3,RGB,False
G:\My Drive\Document\S2 MSIT\Deep Learning\Assigment 1\Skin Disease\skin_disease_cnn_assignment\data\raw\val\Tinea Ringworm Candidiasis\aug_0_Cv.png,aug_0_Cv.png,val,Tinea Ringworm Candidiasis,.png,38.22,e0d014225b88ede95ed1b68b62149c428e8aedd112902ea3c3de60b7c8e328d9,193,139,3,RGB,False
G:\My Drive\Document\S2 MSIT\Deep Learning\Assigment 1\Skin Disease\skin_disease_cnn_assignment\data\raw\val\Tinea Ringworm Candidiasis\aug_0_Daad-khujli-kya-hai-or-daad-ka-treatment-ilaj-in-Hindi.jpg,aug_0_Daad-khujli-kya-hai-or-daad-ka-treatment-ilaj-in-Hindi.jpg,val,Tinea Ringworm Candidiasis,.jpg,10.02,0f8651e0362f2d58ac494479333c3760d25e39f70b4808a02af8e3f41b507c6e,189,244,3,RGB,False
G:\My Drive\Document\S2 MSIT\Deep Learning\Assigment 1\Skin Disease\skin_disease_cnn_assignment\data\raw\val\Tinea Ringworm Candidiasis\aug_0_Direct-microscopic-examination-revealed-endothrix-infection-with-chains-of-conidia-in-and_Q320.jpg,aug_0_Direct-microscopic-examination-revealed-endothrix-infection-with-chains-of-conidia-in-and_Q320.jpg,val,Tinea Ringworm Candidiasis,.jpg,14.87,aa43d222155fe335b3773f48685662a8d7d298f5f229ba9544ff5b97e51d139b,208,222,3,RGB,False
G:\My Drive\Document\S2 MSIT\Deep Learning\Assigment 1\Skin Disease\skin_disease_cnn_assignment\data\raw\val\Tinea Ringworm Candidiasis\aug_0_Fixed-Drug-Eruption_cdp-2013112112250982.jpg,aug_0_Fixed-Drug-Eruption_cdp-2013112112250982.jpg,val,Tinea Ringworm Candidiasis,.jpg,29.57,6826913541005752a2ec333ed4b4590f334bd2462136214cbca61eef16695b73,393,262,3,RGB,False
G:\My Drive\Document\S2 MSIT\Deep Learning\Assigment 1\Skin Disease\skin_disease_cnn_assignment\data\raw\val\Tinea Ringworm Candidiasis\aug_0_IJD-62-227-g006.jpg,aug_0_IJD-62-227-g006.jpg,val,Tinea Ringworm Candidiasis,.jpg,36.95,7619bf91d41f7ca0bc6ed84f48c57841e1a898161381c2fb8226d0c322128954,344,524,3,RGB,False
G:\My Drive\Document\S2 MSIT\Deep Learning\Assigment 1\Skin Disease\skin_disease_cnn_assignment\data\raw\val\Tinea Ringworm Candidiasis\aug_0_Rid-of-Ringworm-HS001.jpg,aug_0_Rid-of-Ringworm-HS001.jpg,val,Tinea Ringworm Candidiasis,.jpg,47.7,8e0a114ae7f81c37bf470be668ccdfc6808cc42d2e37a3d604b20426b6857a0e,741,494,3,RGB,False
G:\My Drive\Document\S2 MSIT\Deep Learning\Assigment 1\Skin Disease\skin_disease_cnn_assignment\data\raw\val\Tinea Ringworm Candidiasis\aug_0_cs-Misdiagnosis-Cutaneous-Fungal-Infections-RM-63651.jpg,aug_0_cs-Misdiagnosis-Cutaneous-Fungal-Infections-RM-63651.jpg,val,Tinea Ringworm Candidiasis,.jpg,76.7,dfcb5e6a50a8fcd788a4ca74688b261eb26bbbb310e8ce7eb1d940aa18e4e228,600,400,3,RGB,False
G:\My Drive\Document\S2 MSIT\Deep Learning\Assigment 1\Skin Disease\skin_disease_cnn_assignment\data\raw\val\Tinea Ringworm Candidiasis\aug_0_dermatomycosis-corporis-3.jpg,aug_0_dermatomycosis-corporis-3.jpg,val,Tinea Ringworm Candidiasis,.jpg,38.18,96c6314000b100d7f35e7be2f12400bda48d16c2fe6d9b9df3b50be741f75c70,567,386,3,RGB,False
G:\My Drive\Document\S2 MSIT\Deep Learning\Assigment 1\Skin Disease\skin_disease_cnn_assignment\data\raw\val\Tinea Ringworm Candidiasis\aug_0_f017-012-9780323244756-1.jpg,aug_0_f017-012-9780323244756-1.jpg,val,Tinea Ringworm Candidiasis,.jpg,4.14,b074b2cfc9730a1c4c76faf32dc35f8284f4b911b89b3d6e20648428f40a6fcf,92,197,3,RGB,False
G:\My Drive\Document\S2 MSIT\Deep Learning\Assigment 1\Skin Disease\skin_disease_cnn_assignment\data\raw\val\Tinea Ringworm Candidiasis\aug_0_f017-012-9780323244756.jpg,aug_0_f017-012-9780323244756.jpg,val,Tinea Ringworm Candidiasis,.jpg,4.84,1b13a5945cafa66d673cc03a9af7e857eb010ff2446c7d9330c518939c004bfc,183,161,3,RGB,False
G:\My Drive\Document\S2 MSIT\Deep Learning\Assigment 1\Skin Disease\skin_disease_cnn_assignment\data\raw\val\Tinea Ringworm Candidiasis\aug_0_gWKFl81gOGebKIRUWg13lgp-O7X7GXiX1IOOqXBw-f2w.jpg,aug_0_gWKFl81gOGebKIRUWg13lgp-O7X7GXiX1IOOqXBw-f2w.jpg,val,Tinea Ringworm Candidiasis,.jpg,277.05,5c2913996d2af2b290a6a90581823569cce5f124af42aba1222321da121fbd66,1200,680,3,RGB,False
G:\My Drive\Document\S2 MSIT\Deep Learning\Assigment 1\Skin Disease\skin_disease_cnn_assignment\data\raw\val\Tinea Ringworm Candidiasis\aug_0_gr6.jpg,aug_0_gr6.jpg,val,Tinea Ringworm Candidiasis,.jpg,13.29,227724ebc14907ced3fda42ddc0ae3ef20c93dc40c2fb6ec7e15d81b224b41bc,297,185,3,RGB,False
G:\My Drive\Document\S2 MSIT\Deep Learning\Assigment 1\Skin Disease\skin_disease_cnn_assignment\data\raw\val\Tinea Ringworm Candidiasis\aug_0_image.png,aug_0_image.png,val,Tinea Ringworm Candidiasis,.png,232.16,d3aa5a9d12b5dbafea2669bf8f24649c6c7aa3bfe677e4724ee494a8419d1000,512,341,3,RGB,False
G:\My Drive\Document\S2 MSIT\Deep Learning\Assigment 1\Skin Disease\skin_disease_cnn_assignment\data\raw\val\Tinea Ringworm Candidiasis\aug_0_jock-itch-1024x683.jpeg,aug_0_jock-itch-1024x683.jpeg,val,Tinea Ringworm Candidiasis,.jpeg,121.33,a817008936018da5dd487b528f5d75578c59874bf0b06bf37f210b96232d65f5,840,575,3,RGB,False
G:\My Drive\Document\S2 MSIT\Deep Learning\Assigment 1\Skin Disease\skin_disease_cnn_assignment\data\raw\val\Tinea Ringworm Candidiasis\aug_0_jot96pzvsem71.jpg,aug_0_jot96pzvsem71.jpg,val,Tinea Ringworm Candidiasis,.jpg,50.07,af9081c17c11bf7e2a6b287415a48ed4aeb21002d5c939c488bc0bff242efd25,542,475,3,RGB,False
G:\My Drive\Document\S2 MSIT\Deep Learning\Assigment 1\Skin Disease\skin_disease_cnn_assignment\data\raw\val\Tinea Ringworm Candidiasis\aug_0_nejmicm1013871_f1.jpeg,aug_0_nejmicm1013871_f1.jpeg,val,Tinea Ringworm Candidiasis,.jpeg,57.17,494d129ec52a58c07641df84f3671fc0b29eed13ed3be61552bc49d87c3b0b5a,1008,756,3,RGB,False
G:\My Drive\Document\S2 MSIT\Deep Learning\Assigment 1\Skin Disease\skin_disease_cnn_assignment\data\raw\val\Tinea Ringworm Candidiasis\aug_0_pha-259018.jpg,aug_0_pha-259018.jpg,val,Tinea Ringworm Candidiasis,.jpg,82.33,eb4557c50e8ddb8b9381199851ccdf3cba396e65e89eacdb33baa90862eccfe8,615,578,3,RGB,False
G:\My Drive\Document\S2 MSIT\Deep Learning\Assigment 1\Skin Disease\skin_disease_cnn_assignment\data\raw\val\Vascular lesion\ISIC_0024375.jpg,ISIC_0024375.jpg,val,Vascular lesion,.jpg,301.61,866ca0e99e09aebae95ff31091b8f48fd6427aa69ab706487002c4d33d902a50,600,450,3,RGB,False
G:\My Drive\Document\S2 MSIT\Deep Learning\Assigment 1\Skin Disease\skin_disease_cnn_assignment\data\raw\val\Vascular lesion\ISIC_0024706.jpg,ISIC_0024706.jpg,val,Vascular lesion,.jpg,262.35,42ec1b2d3a7061d76756bb5aa608ec5813ce67f372035cfafa6d45959e1a6af2,600,450,3,RGB,False
G:\My Drive\Document\S2 MSIT\Deep Learning\Assigment 1\Skin Disease\skin_disease_cnn_assignment\data\raw\val\Vascular lesion\ISIC_0024747.jpg,ISIC_0024747.jpg,val,Vascular lesion,.jpg,241.45,d00fe1c80730248e6aec0d88ff1aba7a3dde98993351b6397e2a0cf7b24e6795,600,450,3,RGB,False
G:\My Drive\Document\S2 MSIT\Deep Learning\Assigment 1\Skin Disease\skin_disease_cnn_assignment\data\raw\val\Vascular lesion\ISIC_0024867.jpg,ISIC_0024867.jpg,val,Vascular lesion,.jpg,303.4,cb39176bdcb0855e7a636770c3222bac0ef6db1650c20e0ad26d082d4ac2f6e0,600,450,3,RGB,False
G:\My Drive\Document\S2 MSIT\Deep Learning\Assigment 1\Skin Disease\skin_disease_cnn_assignment\data\raw\val\Vascular lesion\ISIC_0025628.jpg,ISIC_0025628.jpg,val,Vascular lesion,.jpg,304.62,2b8818441330a6dc0ba908e422df290c84c3692fcdc1965646a8444aac959c09,600,450,3,RGB,False
G:\My Drive\Document\S2 MSIT\Deep Learning\Assigment 1\Skin Disease\skin_disease_cnn_assignment\data\raw\val\Vascular lesion\ISIC_0025677.jpg,ISIC_0025677.jpg,val,Vascular lesion,.jpg,302.95,50b053a5c09b7f261059c7acc8c423a4cb9d80263cc6057d5893dd1d6fa366bf,600,450,3,RGB,False
G:\My Drive\Document\S2 MSIT\Deep Learning\Assigment 1\Skin Disease\skin_disease_cnn_assignment\data\raw\val\Vascular lesion\ISIC_0025807.jpg,ISIC_0025807.jpg,val,Vascular lesion,.jpg,213.46,c000f4d4ba3b5bb651a6974d6faf3539ffa05827085dd663b5dba61f42336ec1,600,450,3,RGB,False
G:\My Drive\Document\S2 MSIT\Deep Learning\Assigment 1\Skin Disease\skin_disease_cnn_assignment\data\raw\val\Vascular lesion\ISIC_0026713.jpg,ISIC_0026713.jpg,val,Vascular lesion,.jpg,300.6,485923dc9e484b2f392f8ae01e078532b4d42ca01ac4b28fbfd0f02cc95f78f3,600,450,3,RGB,False
G:\My Drive\Document\S2 MSIT\Deep Learning\Assigment 1\Skin Disease\skin_disease_cnn_assignment\data\raw\val\Vascular lesion\ISIC_0026876.jpg,ISIC_0026876.jpg,val,Vascular lesion,.jpg,206.06,776b28c8bfd231125ec169f924cbe2912633497a9f2566d7b6ad3abba2d734bb,600,450,3,RGB,False
G:\My Drive\Document\S2 MSIT\Deep Learning\Assigment 1\Skin Disease\skin_disease_cnn_assignment\data\raw\val\Vascular lesion\ISIC_0027983.jpg,ISIC_0027983.jpg,val,Vascular lesion,.jpg,245.98,1964003c29aa073b8efdfbe5a1a263e2022c61fc68b8f238f93b8047e8daa9a7,600,450,3,RGB,False
G:\My Drive\Document\S2 MSIT\Deep Learning\Assigment 1\Skin Disease\skin_disease_cnn_assignment\data\raw\val\Vascular lesion\ISIC_0028146.jpg,ISIC_0028146.jpg,val,Vascular lesion,.jpg,157.34,9ad7323672c1a455f91dc52ef99bbb3362ea98e8ff33d974483a8310cca61fc2,600,450,3,RGB,False
G:\My Drive\Document\S2 MSIT\Deep Learning\Assigment 1\Skin Disease\skin_disease_cnn_assignment\data\raw\val\Vascular lesion\ISIC_0028163.jpg,ISIC_0028163.jpg,val,Vascular lesion,.jpg,263.21,692c640bca08d9f892ecaed5c51264e9d8509f9641fa9c0c7337f92d168d6e20,600,450,3,RGB,False
G:\My Drive\Document\S2 MSIT\Deep Learning\Assigment 1\Skin Disease\skin_disease_cnn_assignment\data\raw\val\Vascular lesion\ISIC_0028406.jpg,ISIC_0028406.jpg,val,Vascular lesion,.jpg,304.72,27a7ae270422a763415d3c1b2857260930e57f6c5383910a3acfdefaa21dfbd9,600,450,3,RGB,False
G:\My Drive\Document\S2 MSIT\Deep Learning\Assigment 1\Skin Disease\skin_disease_cnn_assignment\data\raw\val\Vascular lesion\ISIC_0028714.jpg,ISIC_0028714.jpg,val,Vascular lesion,.jpg,257.0,19b5b3ddfcc12dc3b8d907ad2aefebe8e0b6e17572e0944bed927b4f5bf2e530,600,450,3,RGB,False
G:\My Drive\Document\S2 MSIT\Deep Learning\Assigment 1\Skin Disease\skin_disease_cnn_assignment\data\raw\val\Vascular lesion\ISIC_0029608.jpg,ISIC_0029608.jpg,val,Vascular lesion,.jpg,214.41,19f0854ff129173f113d143a388f2603664e36d8f3e91af03a49741d11fe0ff6,600,450,3,RGB,False
G:\My Drive\Document\S2 MSIT\Deep Learning\Assigment 1\Skin Disease\skin_disease_cnn_assignment\data\raw\val\Vascular lesion\ISIC_0029742.jpg,ISIC_0029742.jpg,val,Vascular lesion,.jpg,307.8,03317efe7ce35e6af243a7b230965e94036a6dea6763532429f7add3a87db41b,600,450,3,RGB,False
G:\My Drive\Document\S2 MSIT\Deep Learning\Assigment 1\Skin Disease\skin_disease_cnn_assignment\data\raw\val\Vascular lesion\ISIC_0031103.jpg,ISIC_0031103.jpg,val,Vascular lesion,.jpg,302.48,f165175132d67f8e7125dbff9c638d0a92a9e44fb6618f403e63e1050c43b335,600,450,3,RGB,False
G:\My Drive\Document\S2 MSIT\Deep Learning\Assigment 1\Skin Disease\skin_disease_cnn_assignment\data\raw\val\Vascular lesion\ISIC_0031197.jpg,ISIC_0031197.jpg,val,Vascular lesion,.jpg,210.49,2b094d9aa76ec8bad50ce86a6783f6c3dfd306a85311f89440f9718afc9f2b05,600,450,3,RGB,False
G:\My Drive\Document\S2 MSIT\Deep Learning\Assigment 1\Skin Disease\skin_disease_cnn_assignment\data\raw\val\Vascular lesion\ISIC_0032545.jpg,ISIC_0032545.jpg,val,Vascular lesion,.jpg,327.08,92bf4b0e9e85017ed5860e3687ae4a43d4ea01dae08c5b230f8b0664dc3c194d,600,450,3,RGB,False
G:\My Drive\Document\S2 MSIT\Deep Learning\Assigment 1\Skin Disease\skin_disease_cnn_assignment\data\raw\val\Vascular lesion\ISIC_0033991.jpg,ISIC_0033991.jpg,val,Vascular lesion,.jpg,235.99,f5dbcadf6f7f4f6bea4a577c9c33a964dcf2ce53d2a85ad338cfd3645f026f33,600,450,3,RGB,False
